Localidade;Municipio;Logradouro;Situacao;CEP;Bairro
SP;Jarinu;Rua Goar Lorencini;Valido;13240001;Centro
SP;Jarinu;Rua Isidoro Soranz;Valido;13240002;Centro
SP;Jarinu;Rua Honofre Abel de Camargo;Valido;13240003;Centro
SP;Jarinu;Avenida Ernesto de Moraes;Valido;13240005;Centro
SP;Jarinu;Rua da Independęncia;Valido;13240007;Centro
SP;Jarinu;Rua Sebastiăo Bueno Ferraz;Valido;13240009;Centro
SP;Jarinu;Rua Joăo Pessoa;Valido;13240010;Centro
SP;Jarinu;Avenida Doutor Artur Bernardes;Valido;13240011;Centro
SP;Jarinu;Rua 15 de Novembro;Valido;13240013;Centro
SP;Jarinu;Rua Amélia;Valido;13240015;Centro
SP;Jarinu;Rua Constante Amador Lorencini;Valido;13240017;Centro
SP;Jarinu;Rua David Lopes de Camargo;Valido;13240019;Centro
SP;Jarinu;Rua Juvenal Lopes de Camargo;Valido;13240021;Centro
SP;Jarinu;Avenida Angelo Bernucci;Valido;13240023;Centro
SP;Jarinu;Rua Vereador Hermínio Contesini;Valido;13240025;Centro
SP;Jarinu;Rua Pedro Renato Lorencini;Valido;13240027;Centro
SP;Jarinu;Rua Daihati Nishimura;Valido;13240029;Centro
SP;Jarinu;Rua José Tenente;Valido;13240031;Centro
SP;Jarinu;Rua Francisco Alves de Siqueira Júnior;Valido;13240033;Centro
SP;Jarinu;Rua Juvenal Alvim;Valido;13240035;Centro
SP;Jarinu;Rua Coronel José Inácio;Valido;13240037;Centro
SP;Jarinu;Rua José de Moura;Valido;13240039;Centro
SP;Jarinu;Praça Nossa Senhora do Carmo;Valido;13240041;Centro
SP;Jarinu;Rua Guilherme Contesini;Valido;13240043;Centro
SP;Jarinu;Avenida Vereador Pedro Contesini;Valido;13240044;Centro
SP;Jarinu;Avenida Doutor Antenor Soares Gandra;Valido;13240045;Centro
SP;Jarinu;Avenida Prefeito Guilherme Zanoni;Valido;13240046;Centro
SP;Jarinu;Praça 17 de Abril;Valido;13240047;Centro
SP;Jarinu;Avenida da Saudade;Valido;13240049;Centro
SP;Jarinu;Rua 1;Valido;13240055;Horto dos Ipęs
SP;Jarinu;Rua Lauro Tafarelo;Valido;13240056;Horto dos Ipęs
SP;Jarinu;Rua Carlos Fusuzzi;Valido;13240057;Horto dos Ipęs
SP;Jarinu;Rua 15 de Novembro;Valido;13240060;Vila Rica
SP;Jarinu;Rua Joăo Pessoa;Valido;13240062;Vila Rica
SP;Jarinu;Avenida Doutor Artur Bernardes;Valido;13240064;Vila Rica
SP;Jarinu;Rua Julio Zanoni;Valido;13240065;Vila Rica
SP;Jarinu;Avenida Luiz Domingues;Valido;13240066;Vila Rica
SP;Jarinu;Rua Leăo Rachman;Valido;13240067;Vila Rica
SP;Jarinu;Rua Julio de Toledo;Valido;13240068;Vila Rica
SP;Jarinu;Rua dos Pássaros;Valido;13240070;Parque Antonio Afonso Pereira
SP;Jarinu;Rua Lucrécia Valério;Valido;13240072;Parque Antonio Afonso Pereira
SP;Jarinu;Avenida José Manara;Valido;13240074;Parque Antonio Afonso Pereira
SP;Jarinu;Rua Joaquim Lopes;Valido;13240076;Parque Antonio Afonso Pereira
SP;Jarinu;Rua Aléssio Bonança;Valido;13240078;Parque Antonio Afonso Pereira
SP;Jarinu;Rua Francisco Savone;Valido;13240080;Parque Antonio Afonso Pereira
SP;Jarinu;Rua Ema;Valido;13240150;Vila Guilherme
SP;Jarinu;Rua Ubirajara Antonio Zambotto;Valido;13240152;Vila Guilherme
SP;Jarinu;Rua 15 de Novembro;Valido;13240154;Vila Guilherme
SP;Jarinu;Rua Julio de Toledo;Valido;13240156;Vila Guilherme
SP;Jarinu;Avenida Luiz Domingues;Valido;13240158;Vila Guilherme
SP;Jarinu;Avenida Doutor Artur Bernardes;Valido;13240160;Vila Guilherme
SP;Jarinu;Rua Guilherme Zambotto;Valido;13240162;Vila Guilherme
SP;Jarinu;Rua Ema;Valido;13240170;Jardim da Saúde
SP;Jarinu;Rua Luiz Bonança;Valido;13240172;Jardim da Saúde
SP;Jarinu;Rua Luiz Bernucci;Valido;13240174;Jardim da Saúde
SP;Jarinu;Rua Luiz Soares Moura;Valido;13240176;Jardim da Saúde
SP;Jarinu;Travessa do Velório;Valido;13240178;Jardim da Saúde
SP;Jarinu;Rua Antonio Lopes da Cruz;Valido;13240180;Jardim da Saúde
SP;Jarinu;Rua Joăo Benedito Bueno;Valido;13240182;Jardim da Saúde
SP;Jarinu;Rua Padre Joăo Maria Riolo;Valido;13240184;Jardim da Saúde
SP;Jarinu;Rua Antonio de Aguiar Peçanha;Valido;13240186;Jardim da Saúde
SP;Jarinu;Praça Francisco Alves de Siqueira Junior;Valido;13240187;Jardim da Saúde
SP;Jarinu;Rua Francisco Damasio de Oliveira;Valido;13240188;Jardim da Saúde
SP;Jarinu;Rua Beneditro Estevam de Godoy;Valido;13240190;Jardim da Saúde
SP;Jarinu;Rua Eugęnio da Silva Bressane;Valido;13240192;Jardim da Saúde
SP;Jarinu;Rua Alice Amorim Gonçalves;Valido;13240194;Jardim da Saúde
SP;Jarinu;Rua Humberto Zambotto;Valido;13240250;Jardim Bonança
SP;Jarinu;Rua Alcides Biasin;Valido;13240252;Jardim Bonança
SP;Jarinu;Rua Pedro Lorencini;Valido;13240254;Jardim Bonança
SP;Jarinu;Rua José Lorencini;Valido;13240256;Jardim Bonança
SP;Jarinu;Rua Sebastiăo Siqueira Bueno;Valido;13240258;Jardim Bonança
SP;Jarinu;Rua Emílio Musselli;Valido;13240260;Jardim Bonança
SP;Jarinu;Rua Joăo Bulgarelli;Valido;13240400;Vila Santa Rosa
SP;Jarinu;Rua Natale Bernucci;Valido;13240402;Vila Santa Rosa
SP;Jarinu;Rua Vereador Osvaldo Damásio de Oliveira;Valido;13240410;Jarinu FC
SP;Jarinu;Rua Angelina Leonardelli Conti;Valido;13240412;Jarinu FC
SP;Jarinu;Rua Nestor Lorencini;Valido;13240414;Jarinu FC
SP;Jarinu;Avenida Vereador Joăo Pedro Ferraz;Valido;13240420;Esplanada do Carmo
SP;Jarinu;Alameda Teresina;Valido;13240422;Esplanada do Carmo
SP;Jarinu;Avenida José Mauro Soranz;Valido;13240424;Esplanada do Carmo
SP;Jarinu;Alameda Rio Branco;Valido;13240426;Esplanada do Carmo
SP;Jarinu;Alameda Campo Grande;Valido;13240428;Esplanada do Carmo
SP;Jarinu;Alameda Recife;Valido;13240430;Esplanada do Carmo
SP;Jarinu;Alameda Porto Alegre;Valido;13240432;Esplanada do Carmo
SP;Jarinu;Alameda Manaus;Valido;13240434;Esplanada do Carmo
SP;Jarinu;Alameda Belém;Valido;13240436;Esplanada do Carmo
SP;Jarinu;Alameda Guanabara;Valido;13240438;Esplanada do Carmo
SP;Jarinu;Alameda Cuiabá;Valido;13240440;Esplanada do Carmo
SP;Jarinu;Alameda Belo Horizonte;Valido;13240442;Esplanada do Carmo
SP;Jarinu;Alameda Florianópolis;Valido;13240444;Esplanada do Carmo
SP;Jarinu;Alameda Curitiba (lado par);Valido;13240446;Esplanada do Carmo
SP;Jarinu;Alameda Săo Salvador;Valido;13240448;Esplanada do Carmo
SP;Jarinu;Alameda Juscelino Kubitshek;Valido;13240450;Esplanada do Carmo
SP;Jarinu;Alameda Goiânia;Valido;13240452;Esplanada do Carmo
SP;Jarinu;Alameda Brasília;Valido;13240454;Esplanada do Carmo
SP;Jarinu;Estrada Municipal Ernesta Beazim Ferrara (JAR-343);Valido;13240700;Bairro do Chavi
SP;Jarinu;Estrada Municipal Pedro Franco de Moura (JAR-348);Valido;13240800;Bairro do Breu
SP;Jarinu;Estrada Municipal Benvenuto Parise (JAR-040);Valido;13240801;Bairro do Breu
SP;Jarinu;Estrada Municipal Celestino Parise (JAR-163);Valido;13240802;Bairro do Breu
SP;Jarinu;Estrada Municipal Natal Lorencini (JAR-030);Valido;13240811;Bairro do Olaria
SP;Jarinu;Estrada Municipal Atílio Bego;Valido;13240812;Bairro da Olaria
SP;Jarinu;Estrada Municipal Joăo Ferrarezi;Valido;13240813;Bairro da Olaria
SP;Jarinu;Estrada Municipal Luiz Comin;Valido;13240814;Bairro da Olaria
SP;Jarinu;Rua Rodolfo Gastaldi;Valido;13241000;Conjunto Habitacional Nicola Tafarelo
SP;Jarinu;Rua Dorival Antonio Ferrara;Valido;13241002;Conjunto Habitacional Nicola Tafarelo
SP;Jarinu;Rua Joăo Baptista Parise;Valido;13241004;Conjunto Habitacional Nicola Tafarelo
SP;Jarinu;Rua Miguel Siqueira Bueno;Valido;13241006;Conjunto Habitacional Nicola Tafarelo
SP;Jarinu;Rua Joăo Siqueira Bueno;Valido;13241008;Conjunto Habitacional Nicola Tafarelo
SP;Jarinu;Rua Benedito Manuel de Souza;Valido;13241010;Jardim Morada Alta
SP;Jarinu;Rua Pedro de Camargo Thompson;Valido;13241012;Jardim Morada Alta
SP;Jarinu;Rua Armando Guimarăes;Valido;13241014;Jardim Morada Alta
SP;Jarinu;Rua Jarinu;Valido;13241016;Jardim Morada Alta
SP;Jarinu;Rua Vereador Rico Manara;Valido;13241018;Jardim Morada Alta
SP;Jarinu;Rua Rosa Ferreira da Silva;Valido;13241020;Jardim Morada Alta
SP;Jarinu;Rua Vereador Bruno Marcos Censi;Valido;13241022;Jardim Morada Alta
SP;Jarinu;Rua Vereador Jacintho Lucio do Prado;Valido;13241024;Jardim Morada Alta
SP;Jarinu;Rua Vereador José Bernucci Netto;Valido;13241026;Jardim Morada Alta
SP;Jarinu;Rua Vereador Euclides Soares de Moura;Valido;13241028;Jardim Morada Alta
SP;Jarinu;Avenida Vereador Francisco Perini;Valido;13241030;Jardim Morada Alta
SP;Jarinu;Avenida José Bego;Valido;13241040;Bairro José de Lima
SP;Jarinu;Rodovia Edgard Máximo Zambotto;Valido;13241041;Bairro José de Lima
SP;Jarinu;Alameda Curitiba (lado impar);Valido;13241042;Bairro José de Lima
SP;Jarinu;Avenida 2;Valido;13241051;Residencial Portal de Jarinu
SP;Jarinu;Rua 1;Valido;13241052;Residencial Portal de Jarinu
SP;Jarinu;Rua 2;Valido;13241053;Residencial Portal de Jarinu
SP;Jarinu;Rua 3;Valido;13241054;Residencial Portal de Jarinu
SP;Jarinu;Rua 4;Valido;13241055;Residencial Portal de Jarinu
SP;Jarinu;Rua 5;Valido;13241056;Residencial Portal de Jarinu
SP;Jarinu;Rua 6;Valido;13241057;Residencial Portal de Jarinu
SP;Jarinu;Rua 7;Valido;13241058;Residencial Portal de Jarinu
SP;Jarinu;Rua Amado Damasceno;Valido;13241061;Conjunto Habitacional Residencial Săo Gonçalo
SP;Jarinu;Rua Benedito Machado;Valido;13241062;Conjunto Habitacional Residencial Săo Gonçalo
SP;Jarinu;Rua Miguel Olegário Barbosa;Valido;13241063;Conjunto Habitacional Residencial Săo Gonçalo
SP;Jarinu;Avenida das Jaqueiras;Valido;13241100;Condomínio Campestre Santa Rita
SP;Jarinu;Rua Sérgio;Valido;13241102;Condomínio Campestre Santa Rita
SP;Jarinu;Avenida 02;Valido;13241103;Condomínio Campestre Santa Rita
SP;Jarinu;Rua Mônica;Valido;13241104;Condomínio Campestre Santa Rita
SP;Jarinu;Avenida dos Ipę;Valido;13241106;Condomínio Campestre Santa Rita
SP;Jarinu;Rua Iara;Valido;13241108;Condomínio Campestre Santa Rita
SP;Jarinu;Rua Leda;Valido;13241110;Condomínio Campestre Santa Rita
SP;Jarinu;Avenida das Jaqueiras;Valido;13241120;Estância Climatérica Ypę
SP;Jarinu;Avenida dos Abacateiros;Valido;13241122;Estância Climatérica Ypę
SP;Jarinu;Avenida dos Ipęs;Valido;13241124;Estância Climatérica Ypę
SP;Jarinu;Rua 5;Valido;13241125;Estância Climatérica Ypę
SP;Jarinu;Rua dos Limoeiros;Valido;13241126;Estância Climatérica Ypę
SP;Jarinu;Rua 1;Valido;13241127;Estância Climatérica Ypę
SP;Jarinu;Rua das Figueiras;Valido;13241128;Estância Climatérica Ypę
SP;Jarinu;Rua das Jabuticabeiras;Valido;13241130;Estância Climatérica Ypę
SP;Jarinu;Rua das Tamareiras;Valido;13241132;Estância Climatérica Ypę
SP;Jarinu;Rua das Cerejeiras;Valido;13241134;Estância Climatérica Ypę
SP;Jarinu;Rua 2;Valido;13241135;Estância Climatérica Ypę
SP;Jarinu;Rua das Mangueiras;Valido;13241136;Estância Climatérica Ypę
SP;Jarinu;Rua das Ameixeiras;Valido;13241138;Estância Climatérica Ypę
SP;Jarinu;Rua das Limeiras;Valido;13241140;Estância Climatérica Ypę
SP;Jarinu;Rua dos Cajueiros;Valido;13241142;Estância Climatérica Ypę
SP;Jarinu;Rua das Goiabeiras;Valido;13241144;Estância Climatérica Ypę
SP;Jarinu;Rua das Pitangueiras;Valido;13241146;Estância Climatérica Ypę
SP;Jarinu;Rua das Videiras;Valido;13241148;Estância Climatérica Ypę
SP;Jarinu;Rua das Amoreiras;Valido;13241150;Estância Climatérica Ypę
SP;Jarinu;Rua dos Pessegueiros;Valido;13241152;Estância Climatérica Ypę
SP;Jarinu;Rua das Laranjeiras;Valido;13241154;Estância Climatérica Ypę
SP;Jarinu;Avenida das Macieiras;Valido;13241156;Estância Climatérica Ypę
SP;Jarinu;Rua 1;Valido;13241160;Vila Primavera
SP;Jarinu;Rua Vera Lucia Perobelli;Valido;13241162;Vila Primavera
SP;Jarinu;Rua Adhemar Spironelli;Valido;13241164;Vila Primavera
SP;Jarinu;Rua Mario de Souza Rego;Valido;13241166;Vila Primavera
SP;Jarinu;Rua José Maurício Casarin;Valido;13241168;Vila Primavera
SP;Jarinu;Rua José Carlos Pereira;Valido;13241170;Vila Primavera
SP;Jarinu;Rua do Lago;Valido;13241172;Vila Primavera
SP;Jarinu;Rua Adăo Mario Pereira;Valido;13241174;Vila Primavera
SP;Jarinu;Rua Ricardo Nelson de Almeida;Valido;13241176;Vila Primavera
SP;Jarinu;Rua 11;Valido;13241177;Vila Primavera
SP;Jarinu;Rua 9;Valido;13241178;Vila Primavera
SP;Jarinu;Avenida Milton Vianna;Valido;13241180;Vila Primavera
SP;Jarinu;Rua Vereador Antenor Antonio Manara;Valido;13241182;Vila Primavera
SP;Jarinu;Rua Manoel Salvador da Silva;Valido;13241183;Vila Primavera
SP;Jarinu;Rua Carmelino Ferreira da Silva;Valido;13241184;Vila Primavera
SP;Jarinu;Rua Maria José Camargo dos Santos;Valido;13241186;Vila Primavera
SP;Jarinu;Rua Weverton Augusto Demétrio;Valido;13241188;Vila Primavera
SP;Jarinu;Rua 18-A;Valido;13241190;Vila Primavera
SP;Jarinu;Rua 31;Valido;13241192;Vila Primavera
SP;Jarinu;Rua 37;Valido;13241194;Vila Primavera
SP;Jarinu;Rua Terezinha Freires da Silva;Valido;13241196;Vila Primavera
SP;Jarinu;Rua Salvador Antonio Peixoto;Valido;13241198;Vila Primavera
SP;Jarinu;Rua 14;Valido;13241200;Vila Primavera
SP;Jarinu;Rua 13;Valido;13241202;Vila Primavera
SP;Jarinu;Rua Lúcio Fernandes Pereira;Valido;13241204;Vila Primavera
SP;Jarinu;Rua Eliseu Tadeu de Godoi;Valido;13241206;Vila Primavera
SP;Jarinu;Rua Luiz Guimarăes;Valido;13241208;Vila Primavera
SP;Jarinu;Rua 35;Valido;13241210;Vila Primavera
SP;Jarinu;Rua 34;Valido;13241212;Vila Primavera
SP;Jarinu;Rua Benedito da Silva Morais;Valido;13241214;Vila Primavera
SP;Jarinu;Rua 36;Valido;13241216;Vila Primavera
SP;Jarinu;Rua 29;Valido;13241218;Vila Primavera
SP;Jarinu;Rua 24;Valido;13241220;Vila Primavera
SP;Jarinu;Rua 23;Valido;13241222;Vila Primavera
SP;Jarinu;Rua Nabor Boschi;Valido;13241224;Vila Primavera
SP;Jarinu;Rua Sargento Ijayr de Souza;Valido;13241226;Vila Primavera
SP;Jarinu;Rua Avelino da Silva Junior;Valido;13241228;Vila Primavera
SP;Jarinu;Rua Primavera;Valido;13241230;Vila Primavera
SP;Jarinu;Rua Ana Soares de Paula;Valido;13241232;Vila Primavera
SP;Jarinu;Estrada Municipal Santo Gastaldi;Valido;13241234;Vila Primavera
SP;Jarinu;Estrada Municipal Xisto Valter Bernucci;Valido;13241240;Bairro dos Pereiras
SP;Jarinu;Rua Gregório;Valido;13242000;Vila Nova Trieste
SP;Jarinu;Rua José Ferrara;Valido;13242001;Vila Nova Trieste
SP;Jarinu;Rua Doutor Samuel Del Giglio;Valido;13242002;Vila Nova Trieste
SP;Jarinu;Rua Theodato;Valido;13242004;Vila Nova Trieste
SP;Jarinu;Rua Sybaris;Valido;13242006;Vila Nova Trieste
SP;Jarinu;Rua Milvio;Valido;13242008;Vila Nova Trieste
SP;Jarinu;Rua Monte Sacro;Valido;13242010;Vila Nova Trieste
SP;Jarinu;Rua Metronia;Valido;13242012;Vila Nova Trieste
SP;Jarinu;Rua Palatino;Valido;13242014;Vila Nova Trieste
SP;Jarinu;Rua Calpurnio Pison;Valido;13242016;Vila Nova Trieste
SP;Jarinu;Rua Campo Verano;Valido;13242018;Vila Nova Trieste
SP;Jarinu;Rua Aventino;Valido;13242020;Vila Nova Trieste
SP;Jarinu;Rua Contarini;Valido;13242022;Vila Nova Trieste
SP;Jarinu;Rua Faenza;Valido;13242024;Vila Nova Trieste
SP;Jarinu;Rua Coregi;Valido;13242026;Vila Nova Trieste
SP;Jarinu;Rua Cinislli;Valido;13242028;Vila Nova Trieste
SP;Jarinu;Rua Cialdini;Valido;13242030;Vila Nova Trieste
SP;Jarinu;Rua Anene;Valido;13242032;Vila Nova Trieste
SP;Jarinu;Avenida Pinhal;Valido;13242034;Vila Nova Trieste
SP;Jarinu;Rua Tor Di Quinto;Valido;13242036;Vila Nova Trieste
SP;Jarinu;Rua Carbatela;Valido;13242038;Vila Nova Trieste
SP;Jarinu;Rua Trastevere;Valido;13242040;Vila Nova Trieste
SP;Jarinu;Avenida Vereador Joăo Pedro Ferraz;Valido;13242041;Vila Nova Trieste
SP;Jarinu;Rua Cristovan Colombo;Valido;13242042;Vila Nova Trieste
SP;Jarinu;Avenida Giovani Papini;Valido;13242044;Vila Nova Trieste
SP;Jarinu;Avenida Dante Alighieri;Valido;13242046;Vila Nova Trieste
SP;Jarinu;Avenida Domenico Rosseti;Valido;13242048;Vila Nova Trieste
SP;Jarinu;Avenida Pantilo Castaldi;Valido;13242050;Vila Nova Trieste
SP;Jarinu;Rua Coriolano;Valido;13242052;Vila Nova Trieste
SP;Jarinu;Rua Sardenha;Valido;13242054;Vila Nova Trieste
SP;Jarinu;Avenida Enéa Silvio Piccolomini;Valido;13242056;Vila Nova Trieste
SP;Jarinu;Rua Américo Vespucci;Valido;13242058;Vila Nova Trieste
SP;Jarinu;Rua Mazzini;Valido;13242060;Vila Nova Trieste
SP;Jarinu;Avenida Ápia;Valido;13242062;Vila Nova Trieste
SP;Jarinu;Praça Ápia;Valido;13242064;Vila Nova Trieste
SP;Jarinu;Rua Cassino;Valido;13242066;Vila Nova Trieste
SP;Jarinu;Rua Carducce;Valido;13242068;Vila Nova Trieste
SP;Jarinu;Rua Benvenuto Cellini;Valido;13242070;Vila Nova Trieste
SP;Jarinu;Rua Anzio;Valido;13242072;Vila Nova Trieste
SP;Jarinu;Rua Marco Pollo;Valido;13242074;Vila Nova Trieste
SP;Jarinu;Rua Marconi;Valido;13242076;Vila Nova Trieste
SP;Jarinu;Rua Galileu;Valido;13242078;Vila Nova Trieste
SP;Jarinu;Rua Danúbio;Valido;13242080;Vila Nova Trieste
SP;Jarinu;Praça Danúbio;Valido;13242082;Vila Nova Trieste
SP;Jarinu;Rua Miguel Angelo;Valido;13242084;Vila Nova Trieste
SP;Jarinu;Rua das Palmeiras;Valido;13242086;Vila Nova Trieste
SP;Jarinu;Avenida Carlos Gomes;Valido;13242088;Vila Nova Trieste
SP;Jarinu;Rua Savoia;Valido;13242090;Vila Nova Trieste
SP;Jarinu;Rua Julio Cesar;Valido;13242092;Vila Nova Trieste
SP;Jarinu;Avenida Roma;Valido;13242094;Vila Nova Trieste
SP;Jarinu;Rua Potenza;Valido;13242096;Vila Nova Trieste
SP;Jarinu;Rua Itália;Valido;13242098;Vila Nova Trieste
SP;Jarinu;Rua Scipiăo;Valido;13242100;Vila Nova Trieste
SP;Jarinu;Rua Galvani;Valido;13242102;Vila Nova Trieste
SP;Jarinu;Avenida Anita Garibaldi;Valido;13242104;Vila Nova Trieste
SP;Jarinu;Praça Garibaldi;Valido;13242106;Vila Nova Trieste
SP;Jarinu;Rua Tito;Valido;13242108;Vila Nova Trieste
SP;Jarinu;Rua Modema;Valido;13242110;Vila Nova Trieste
SP;Jarinu;Avenida Taranto;Valido;13242112;Vila Nova Trieste
SP;Jarinu;Rua Viarecio;Valido;13242114;Vila Nova Trieste
SP;Jarinu;Rua Macedonia;Valido;13242116;Vila Nova Trieste
SP;Jarinu;Avenida Marco Antonio;Valido;13242118;Vila Nova Trieste
SP;Jarinu;Rua Puccini;Valido;13242120;Vila Nova Trieste
SP;Jarinu;Rua Mazarine;Valido;13242122;Vila Nova Trieste
SP;Jarinu;Rua Messina;Valido;13242124;Vila Nova Trieste
SP;Jarinu;Rua Tibre;Valido;13242126;Vila Nova Trieste
SP;Jarinu;Rua do Coliseu;Valido;13242128;Vila Nova Trieste
SP;Jarinu;Praça América;Valido;13242130;Vila Nova Trieste
SP;Jarinu;Avenida América;Valido;13242132;Vila Nova Trieste
SP;Jarinu;Rua Romulo;Valido;13242134;Vila Nova Trieste
SP;Jarinu;Rua das Perdizes;Valido;13242136;Vila Nova Trieste
SP;Jarinu;Praça Spoleta;Valido;13242138;Vila Nova Trieste
SP;Jarinu;Rua Latina;Valido;13242140;Vila Nova Trieste
SP;Jarinu;Rua Pescara;Valido;13242142;Vila Nova Trieste
SP;Jarinu;Rua Ancona;Valido;13242144;Vila Nova Trieste
SP;Jarinu;Rua Veronese;Valido;13242146;Vila Nova Trieste
SP;Jarinu;Rua Firenze;Valido;13242148;Vila Nova Trieste
SP;Jarinu;Rua Rovigo;Valido;13242150;Vila Nova Trieste
SP;Jarinu;Rua Napolis;Valido;13242152;Vila Nova Trieste
SP;Jarinu;Rua Turim;Valido;13242154;Vila Nova Trieste
SP;Jarinu;Rua Savona;Valido;13242156;Vila Nova Trieste
SP;Jarinu;Rua Luca;Valido;13242158;Vila Nova Trieste
SP;Jarinu;Rua Milăo;Valido;13242160;Vila Nova Trieste
SP;Jarinu;Rua Salerno;Valido;13242162;Vila Nova Trieste
SP;Jarinu;Rodovia Edgard Máximo Zambotto;Valido;13242163;Vila Nova Trieste
SP;Jarinu;Avenida Atibaia;Valido;13242164;Vila Nova Trieste
SP;Jarinu;Avenida Veneza;Valido;13242166;Vila Nova Trieste
SP;Jarinu;Avenida Verona;Valido;13242168;Vila Nova Trieste
SP;Jarinu;Rua Palma;Valido;13242170;Vila Nova Trieste
SP;Jarinu;Rua Trento;Valido;13242172;Vila Nova Trieste
SP;Jarinu;Praça Turim;Valido;13242174;Vila Nova Trieste
SP;Jarinu;Avenida Livorno;Valido;13242176;Vila Nova Trieste
SP;Jarinu;Avenida Lombardia;Valido;13242178;Vila Nova Trieste
SP;Jarinu;Avenida Palermo;Valido;13242180;Vila Nova Trieste
SP;Jarinu;Avenida Donatelo;Valido;13242182;Vila Nova Trieste
SP;Jarinu;Avenida Ticiano;Valido;13242184;Vila Nova Trieste
SP;Jarinu;Avenida Torricelli;Valido;13242186;Vila Nova Trieste
SP;Jarinu;Avenida Zanoni;Valido;13242188;Vila Nova Trieste
SP;Jarinu;Rua Cristiano Herculano Diniz (Rua Lotti);Valido;13242190;Vila Nova Trieste
SP;Jarinu;Avenida Septmo Severo;Valido;13242192;Vila Nova Trieste
SP;Jarinu;Rua Impéria;Valido;13242194;Vila Nova Trieste
SP;Jarinu;Rua Ancova;Valido;13242196;Vila Nova Trieste
SP;Jarinu;Rua Bari;Valido;13242198;Vila Nova Trieste
SP;Jarinu;Rua Antonio Tafarello;Valido;13242200;Recanto Silvana
SP;Jarinu;Rua Liberato Spinassi;Valido;13242202;Recanto Silvana
SP;Jarinu;Rua Joăo Lopes de Camargo;Valido;13242204;Recanto Silvana
SP;Jarinu;Rua Joviano Silveira Franco;Valido;13242206;Recanto Silvana
SP;Jarinu;Rua Antonio Bulgarelli;Valido;13242208;Recanto Silvana
SP;Jarinu;Rua Primo Ferrara;Valido;13242210;Recanto Silvana
SP;Jarinu;Rua Joăo Brollo;Valido;13242212;Recanto Silvana
SP;Jarinu;Rua Pedro Brollo;Valido;13242214;Recanto Silvana
SP;Jarinu;Rodovia Edgard Máximo Zambotto;Valido;13242220;Bairro do Campo dos Aleixos
SP;Jarinu;Estrada Municipal Liberato Spinassi;Valido;13242221;Bairro do Campo dos Aleixos
SP;Jarinu;Estrada Municipal Pedro Ferrara;Valido;13242222;Bairro do Campo dos Aleixos
SP;Jarinu;Estrada Municipal Simăo Neumark;Valido;13242223;Bairro do Campo dos Aleixos
SP;Jarinu;Avenida Lago Superior;Valido;13242500;Residencial Lagos de Jarinu
SP;Jarinu;Rua Baikal;Valido;13242502;Residencial Lagos de Jarinu
SP;Jarinu;Rua Michigan;Valido;13242504;Residencial Lagos de Jarinu
SP;Jarinu;Rua Leman;Valido;13242506;Residencial Lagos de Jarinu
SP;Jarinu;Rua Guaiaba;Valido;13242508;Residencial Lagos de Jarinu
SP;Jarinu;Rua Laguna;Valido;13242510;Residencial Lagos de Jarinu
SP;Jarinu;Rua dos Cisnes;Valido;13242512;Residencial Lagos de Jarinu
SP;Jarinu;Avenida Lago Vitória;Valido;13242514;Residencial Lagos de Jarinu
SP;Jarinu;Rua Itaipu;Valido;13242516;Residencial Lagos de Jarinu
SP;Jarinu;Rua Pampulha;Valido;13242518;Residencial Lagos de Jarinu
SP;Jarinu;Rua Baviera;Valido;13242520;Residencial Lagos de Jarinu
SP;Jarinu;Rua Ness;Valido;13242522;Residencial Lagos de Jarinu
SP;Jarinu;Rua Tanganyka;Valido;13242524;Residencial Lagos de Jarinu
SP;Jarinu;Rua das Garças;Valido;13242526;Residencial Lagos de Jarinu
SP;Jarinu;Rua Javary;Valido;13242528;Residencial Lagos de Jarinu
SP;Jarinu;Rua Guabiroba;Valido;13242600;Chácaras Jota-Ká
SP;Jarinu;Rua Visgueiro;Valido;13242602;Chácaras Jota-Ká
SP;Jarinu;Rua Pinheiro do Paraná;Valido;13242604;Chácaras Jota-Ká
SP;Jarinu;Rua Sombreiro;Valido;13242606;Chácaras Jota-Ká
SP;Jarinu;Rua Pau-Brasil;Valido;13242608;Chácaras Jota-Ká
SP;Jarinu;Rua Sibipiruna;Valido;13242610;Chácaras Jota-Ká
SP;Jarinu;Rua Pau-Ferro;Valido;13242612;Chácaras Jota-Ká
SP;Jarinu;Estrada Municipal Alcides Tofanin;Valido;13242613;Chácaras Jota-Ká
SP;Jarinu;Rua Ingá;Valido;13242620;Terras de Dom Pedro
SP;Jarinu;Estrada Municipal Alcides Tofanin;Valido;13242621;Terras de Dom Pedro
SP;Jarinu;Estrada Municipal Alberto Tofanin;Valido;13242630;Bairro do Pinhal
SP;Jarinu;Rodovia Dom Pedro I (km 90,000 a km 93,000);Valido;13242631;Bairro do Pinhal
SP;Jarinu;Estrada Municipal Antonio Vicenzi;Valido;13242636;Bairro do Tijuco Preto
SP;Jarinu;Estrada Municipal Armando Tofanin;Valido;13242637;Bairro do Tijuco Preto
SP;Jarinu;Estrada Municipal Pedro Soares de Lima;Valido;13242638;Bairro do Tijuco Preto
SP;Jarinu;Estrada Municipal Alberto Tofanin;Valido;13243500;Sítios Primavera
SP;Jarinu;Estrada Municipal José Arcęnio Corręa Pinto;Valido;13243502;Sítios Primavera
SP;Jarinu;Alameda das Castanheiras;Valido;13243504;Sítios Primavera
SP;Jarinu;Alameda das Acácias-mimosas;Valido;13243506;Sítios Primavera
SP;Jarinu;Alameda dos Jacarandás-mimosos;Valido;13243508;Sítios Primavera
SP;Jarinu;Alameda das Paineiras;Valido;13243510;Sítios Primavera
SP;Jarinu;Alameda das Bouganvíleas;Valido;13243512;Sítios Primavera
SP;Jarinu;Alameda dos Flamboyants;Valido;13243514;Sítios Primavera
SP;Jarinu;Alameda dos Salgueiros;Valido;13243516;Sítios Primavera
SP;Jarinu;Alameda das Palmeiras;Valido;13243518;Sítios Primavera
SP;Jarinu;Alameda das Araucárias;Valido;13243520;Sítios Primavera
SP;Jarinu;Alameda das Jasmins-mangas;Valido;13243522;Sítios Primavera
SP;Jarinu;Alameda das Quaresmeiras;Valido;13243524;Sítios Primavera
SP;Jarinu;Rua Ântonio Aldrovandi;Valido;13243526;Sítios Primavera
SP;Jarinu;Alameda das Figueiras;Valido;13243528;Sítios Primavera
SP;Jarinu;Alameda das Resedás;Valido;13243530;Sítios Primavera
SP;Jarinu;Alameda das Aroeiras;Valido;13243532;Sítios Primavera
SP;Jarinu;Alameda dos Hibiscos;Valido;13243534;Sítios Primavera
SP;Jarinu;Alameda das Magnólias-amarelas;Valido;13243536;Sítios Primavera
SP;Jarinu;Alameda das Bauínas-brancas;Valido;13243538;Sítios Primavera
SP;Jarinu;Alameda dos Ipęs-amarelos;Valido;13243540;Sítios Primavera
SP;Jarinu;Alameda das Bauínas-rosas;Valido;13243542;Sítios Primavera
SP;Jarinu;Avenida do Progresso;Valido;13243550;Bairro Ponte Alta
SP;Jarinu;Rodovia Dom Pedro I (km 88,151/88,152 a km 89,999);Valido;13243551;Bairro Ponte Alta
SP;Jarinu;Estrada Municipal Carlos Cavalaro (JAR-341);Valido;13243552;Bairro Ponte Alta
SP;Jarinu;Estrada Municipal Juvenal de Souza (JAR-312);Valido;13243553;Bairro Ponte Alta
SP;Jarinu;Estrada Municipal Aurélio Bulgarelli;Valido;13243556;Bairro do Rio Abaixo
SP;Jarinu;Alameda Alvorada;Valido;13244000;Estância Alvorada
SP;Jarinu;Alameda Tulipa;Valido;13244002;Estância Alvorada
SP;Jarinu;Alameda dos Manacás;Valido;13244004;Estância Alvorada
SP;Jarinu;Alameda Florestal;Valido;13244006;Estância Alvorada
SP;Jarinu;Alameda dos Ciprestes;Valido;13244008;Estância Alvorada
SP;Jarinu;Alameda Floresta Verde;Valido;13244010;Estância Alvorada
SP;Jarinu;Estrada Municipal Francisco Quesada Santos;Valido;13244020;Loteamento Esperança
SP;Jarinu;Rua 1;Valido;13244022;Loteamento Esperança
SP;Jarinu;Rua dos Esquilos;Valido;13244024;Loteamento Esperança
SP;Jarinu;Rua das Espatódeas;Valido;13244026;Loteamento Esperança
SP;Jarinu;Estrada Municipal Joăo Gerez Peres (JAR-365);Valido;13244030;Bairro da Água Preta
SP;Jarinu;Estrada Municipal Luiz Pauletto;Valido;13244031;Bairro da Água Preta
SP;Jarinu;Avenida Bela Vista;Valido;13244100;Estância Bela Vista
SP;Jarinu;Rua dos Curiós;Valido;13244102;Estância Bela Vista
SP;Jarinu;Rua dos Sabiás;Valido;13244104;Estância Bela Vista
SP;Jarinu;Rua dos Beija-flores;Valido;13244106;Estância Bela Vista
SP;Jarinu;Rua dos Ticos-Ticos;Valido;13244108;Estância Bela Vista
SP;Jarinu;Rua dos Quero-Queros;Valido;13244110;Estância Bela Vista
SP;Jarinu;Rua das Araras;Valido;13244112;Estância Bela Vista
SP;Jarinu;Rua dos Periquitos;Valido;13244114;Estância Bela Vista
SP;Jarinu;Rua dos Bem-Te-Vis;Valido;13244116;Estância Bela Vista
SP;Jarinu;Rua 9;Valido;13244118;Estância Bela Vista
SP;Jarinu;Rua 10;Valido;13244120;Estância Bela Vista
SP;Jarinu;Avenida Bela Vista;Valido;13244130;Estância Yporanga
SP;Jarinu;Rua Projetada 1;Valido;13244132;Estância Yporanga
SP;Jarinu;Rua Projetada 2;Valido;13244134;Estância Yporanga
SP;Jarinu;Rua Jorge Paes Leme;Valido;13244136;Estância Yporanga
SP;Jarinu;Rua Projetada 4;Valido;13244138;Estância Yporanga
SP;Jarinu;Rua Projetada 5;Valido;13244140;Estância Yporanga
SP;Jarinu;Rua Projetada 6;Valido;13244142;Estância Yporanga
SP;Jarinu;Rua Projetada 7;Valido;13244144;Estância Yporanga
SP;Jarinu;Rua Projetada 8;Valido;13244146;Estância Yporanga
SP;Jarinu;Estrada Municipal Pierre Alfred Roulet;Valido;13244150;Bairro do Caioçara
SP;Jarinu;Estrada Municipal Archangelo Doratiotto;Valido;13244152;Bairro do Caioçara
SP;Jarinu;Estrada Municipal Engenheiro Adolph Fullmann;Valido;13244153;Bairro do Caioçara
SP;Jarinu;Rua 1;Valido;13244160;Estância Ipiranga
SP;Jarinu;Estrada Municipal Francisco Quesada Santos;Valido;13244161;Estância Ipiranga
SP;Jarinu;Rua Francesco Pecoraro;Valido;13244162;Estância Ipiranga
SP;Jarinu;Rua 3;Valido;13244163;Estância Ipiranga
SP;Jarinu;Estrada Municipal Archangelo Doratiotto;Valido;13244164;Estância Ipiranga
SP;Jarinu;Alameda Alexandre;Valido;13244200;Palomino Valley
SP;Jarinu;Alameda Ensueno;Valido;13244202;Palomino Valley
SP;Jarinu;Alameda Savannah;Valido;13244204;Palomino Valley
SP;Jarinu;Alameda Del Bosque;Valido;13244206;Palomino Valley
SP;Jarinu;Alameda San Francisco Valley;Valido;13244208;Palomino Valley
SP;Jarinu;Alameda Del Prado;Valido;13244210;Palomino Valley
SP;Jarinu;Estrada Municipal Atílio Squizato;Valido;13244220;Estância Comandante Barros
SP;Jarinu;Rua Padre Gilberto;Valido;13244222;Estância Comandante Barros
SP;Jarinu;Rua Renato;Valido;13244224;Estância Comandante Barros
SP;Jarinu;Rua Selly;Valido;13244226;Estância Comandante Barros
SP;Jarinu;Avenida José;Valido;13244228;Estância Comandante Barros
SP;Jarinu;Avenida Noemi;Valido;13244230;Estância Comandante Barros
SP;Jarinu;Rua Inęs;Valido;13244232;Estância Comandante Barros
SP;Jarinu;Avenida Dinah de Barros;Valido;13244234;Estância Comandante Barros
SP;Jarinu;Avenida Conceiçăo;Valido;13244236;Estância Comandante Barros
SP;Jarinu;Avenida Săo Luiz;Valido;13244238;Estância Comandante Barros
SP;Jarinu;Rua José Eduardo;Valido;13244240;Estância Comandante Barros
SP;Jarinu;Rua Fábio;Valido;13244242;Estância Comandante Barros
SP;Jarinu;Rua Irene;Valido;13244244;Estância Comandante Barros
SP;Jarinu;Rua Silvia;Valido;13244246;Estância Comandante Barros
SP;Jarinu;Rua Silvio;Valido;13244248;Estância Comandante Barros
SP;Jarinu;Rua Barros Neto;Valido;13244250;Estância Comandante Barros
SP;Jarinu;Rua Marília;Valido;13244252;Estância Comandante Barros
SP;Jarinu;Rua Maria Elisa;Valido;13244254;Estância Comandante Barros
SP;Jarinu;Rua José Augusto;Valido;13244256;Estância Comandante Barros
SP;Jarinu;Rua Rubens;Valido;13244258;Estância Comandante Barros
SP;Jarinu;Rua Caio;Valido;13244260;Estância Comandante Barros
SP;Jarinu;Rua Inah;Valido;13244262;Estância Comandante Barros
SP;Jarinu;Rua Maria Lucia;Valido;13244264;Estância Comandante Barros
SP;Jarinu;Rua Luiz Felipe;Valido;13244266;Estância Comandante Barros
SP;Jarinu;Rua Carmen Silvia;Valido;13244268;Estância Comandante Barros
SP;Jarinu;Rua Cintra;Valido;13244270;Estância Santa Maria
SP;Jarinu;Rua B;Valido;13244271;Estância Santa Maria
SP;Jarinu;Rua Santa Maria (lado impar);Valido;13244272;Estância Santa Maria
SP;Jarinu;Rua Francisco Fernandes Costa;Valido;13244280;Estância Santo Inácio
SP;Jarinu;Rua Santa Maria (lado par);Valido;13244281;Estância Santo Inácio
SP;Jarinu;Rua Frederico Forato;Valido;13244282;Estância Santo Inácio
SP;Jarinu;Rua Joăo Guerino;Valido;13244284;Estância Santo Inácio
SP;Jarinu;Rua Josefa Soares da Silva;Valido;13244286;Estância Santo Inácio
SP;Jarinu;Avenida Ronaldo Luciano dos Santos;Valido;13244290;Jardim Roseiral
SP;Jarinu;Avenida Roseiral;Valido;13244292;Jardim Roseiral
SP;Jarinu;Rua Lírio Branco;Valido;13244294;Jardim Roseiral
SP;Jarinu;Rua Florence;Valido;13244296;Jardim Roseiral
SP;Jarinu;Rua Dama da Noite;Valido;13244298;Jardim Roseiral
SP;Jarinu;Rua Rosas Amarelas;Valido;13244300;Jardim Roseiral
SP;Jarinu;Rua Rosas Vermelhas;Valido;13244302;Jardim Roseiral
SP;Jarinu;Rua Rosas Brancas;Valido;13244304;Jardim Roseiral
SP;Jarinu;Avenida do Lago;Valido;13244306;Jardim Roseiral
SP;Jarinu;Avenida Surley;Valido;13244308;Jardim Roseiral
SP;Jarinu;Praça Roseiral;Valido;13244310;Jardim Roseiral
SP;Jarinu;Estrada Municipal Atílio Squizato;Valido;13244312;Jardim Roseiral
SP;Jarinu;Estrada Municipal Atílio Squizato;Valido;13244320;Estância Santa Lúcia
SP;Jarinu;Rua Săo Bernardo do Campo;Valido;13244322;Estância Santa Lúcia
SP;Jarinu;Rua Santo Emídio;Valido;13244324;Estância Santa Lúcia
SP;Jarinu;Rua Săo Roque;Valido;13244326;Estância Santa Lúcia
SP;Jarinu;Rua Săo Paulo;Valido;13244328;Estância Santa Lúcia
SP;Jarinu;Rua Santos;Valido;13244330;Estância Santa Lúcia
SP;Jarinu;Rua Antônio Loturco;Valido;13244332;Estância Santa Lúcia
SP;Jarinu;Rua Hilda Marini da Silva;Valido;13244334;Estância Santa Lúcia
SP;Jarinu;Avenida dos Parentes;Valido;13244336;Estância Santa Lúcia
SP;Jarinu;Avenida Săo Manoel;Valido;13244338;Estância Santa Lúcia
SP;Jarinu;Estrada Municipal Atílio Squizato;Valido;13244340;Campos de Joăo Lucio
SP;Jarinu;Rua das Perdizes;Valido;13244350;Week-end
SP;Jarinu;Rua dos Bem-Te-Vis;Valido;13244352;Week-end
SP;Jarinu;Rua Sabiá;Valido;13244354;Week-end
SP;Jarinu;Rua Rouxinol;Valido;13244356;Week-end
SP;Jarinu;Rua Beija-flor;Valido;13244358;Week-end
SP;Jarinu;Rua dos Colibris;Valido;13244360;Week-end
SP;Jarinu;Rua das Andorinhas;Valido;13244362;Week-end
SP;Jarinu;Rua das Siriemas;Valido;13244364;Week-end
SP;Jarinu;Rua das Codornas;Valido;13244366;Week-end
SP;Jarinu;Rua Inhambu;Valido;13244368;Week-end
SP;Jarinu;Rua 12 de Outubro;Valido;13244370;Week-end
SP;Jarinu;Estrada 14;Valido;13244372;Week-end
SP;Jarinu;Estrada 15;Valido;13244374;Week-end
SP;Jarinu;Estrada 19;Valido;13244376;Week-end
SP;Jarinu;Estrada 13;Valido;13244378;Week-end
SP;Jarinu;Estrada 18;Valido;13244380;Week-end
SP;Jarinu;Rua Teresinha Canotilho;Valido;13244382;Week-end
SP;Jarinu;Estrada 16;Valido;13244384;Week-end
SP;Jarinu;Rua Enoque Hermano Barros;Valido;13244450;Estância Săo Pedro
SP;Jarinu;Rua 7;Valido;13244451;Estância Săo Pedro
SP;Jarinu;Rua Flor de Yasmin;Valido;13244452;Estância Săo Pedro
SP;Jarinu;Rua 3;Valido;13244453;Estância Săo Pedro
SP;Jarinu;Rua Portal Floradas no Campo;Valido;13244454;Estância Săo Pedro
SP;Jarinu;Rua 6;Valido;13244455;Estância Săo Pedro
SP;Jarinu;Rua Sérgio Francęs;Valido;13244456;Estância Săo Pedro
SP;Jarinu;Estrada Municipal Atílio Squizato;Valido;13244460;Estância Santa Helena
SP;Jarinu;Rua das Orquídeas;Valido;13244462;Estância Santa Helena
SP;Jarinu;Rua das Camélias;Valido;13244464;Estância Santa Helena
SP;Jarinu;Rua Flor de Liz;Valido;13244466;Estância Santa Helena
SP;Jarinu;Rua dos Gerânios;Valido;13244468;Estância Santa Helena
SP;Jarinu;Rua Lírios da Paz;Valido;13244470;Estância Santa Helena
SP;Jarinu;Rua Flor de Maio;Valido;13244472;Estância Santa Helena
SP;Jarinu;Rua Vale dos Girassóis;Valido;13244474;Estância Santa Helena
SP;Jarinu;Rua dos Miosótis;Valido;13244476;Estância Santa Helena
SP;Jarinu;Avenida Marília;Valido;13244480;Estância Marília
SP;Jarinu;Rua 1;Valido;13244482;Estância Marília
SP;Jarinu;Rua 2;Valido;13244484;Estância Marília
SP;Jarinu;Rua Maria Joana Hermano Barros;Valido;13244486;Estância Marília
SP;Jarinu;Rua 5;Valido;13244488;Estância Marília
SP;Jarinu;Rua 4A;Valido;13244490;Estância Marília
SP;Jarinu;Rua Rosa de Saron;Valido;13244492;Estância Marília
SP;Jarinu;Rua 6A;Valido;13244494;13244-494
SP;Jarinu;Rua Acácio Alberto Gouveia;Valido;13244496;Estância Marília
SP;Jarinu;Rua 7;Valido;13244498;Estância Marília
SP;Jarinu;Rua Alfredo Miguel de Oliveira;Valido;13244500;Estância Marília
SP;Jarinu;Rua 10;Valido;13244502;Estância Marília
SP;Jarinu;Rua 11;Valido;13244504;Estância Marília
SP;Jarinu;Rua Doutor Aldo Luiz Sollito;Valido;13244506;Estância Marília
SP;Jarinu;Avenida Marília;Valido;13244510;Estância Nossa Senhora da Aparecida
SP;Jarinu;Rua Don Fraquito;Valido;13244512;Estância Nossa Senhora da Aparecida
SP;Jarinu;Rua Nossa Senhora de Lourdes;Valido;13244514;Estância Nossa Senhora da Aparecida
SP;Jarinu;Rua Santa Clara;Valido;13244516;Estância Nossa Senhora da Aparecida
SP;Jarinu;Rua 1;Valido;13244600;Estância Săo Joăo
SP;Jarinu;Rua 2;Valido;13244602;Estância Săo Joăo
SP;Jarinu;Rua 3;Valido;13244604;Estância Săo Joăo
SP;Jarinu;Rua 4;Valido;13244606;Estância Săo Joăo
SP;Jarinu;Estrada Municipal Atílio Squizato;Valido;13244608;Estância Săo Joăo
SP;Jarinu;Estrada Municipal Atílio Squizato;Valido;13244610;Estância Caioçara
SP;Jarinu;Rua Săo Lorenzo;Valido;13244612;Estância Caioçara
SP;Jarinu;Rua José Jesus Macedo;Valido;13244614;Estância Caioçara
SP;Jarinu;Rua 2;Valido;13244616;Estância Caioçara
SP;Jarinu;Estrada Municipal Atílio Squizato;Valido;13244620;Estância Săo Miguel
SP;Jarinu;Rua Leandro Monte;Valido;13244622;Estância Săo Miguel
SP;Jarinu;Rua Maria Rosária Oliveira;Valido;13244624;Estância Săo Miguel
SP;Jarinu;Rua Domingos Alberico;Valido;13244626;Estância Săo Miguel
SP;Jarinu;Estrada Municipal Atílio Squizato;Valido;13244630;Estância Săo Jorge
SP;Jarinu;Rua Sebastiăo Bueno da Cunha;Valido;13244632;Estância Săo Jorge
SP;Jarinu;Avenida Cipryano Beluso;Valido;13244634;Estância Săo Jorge
SP;Jarinu;Rua José de Oliveira dos Santos;Valido;13244636;Estância Săo Jorge
SP;Jarinu;Rua Paulo Bueno da Cunha;Valido;13244638;Estância Săo Jorge
SP;Jarinu;Avenida Affonso Marino;Valido;13244640;Estância Săo Jorge
SP;Jarinu;Rua Dona Tinilla Marino;Valido;13244642;Estância Săo Jorge
SP;Jarinu;Rua Josefa Ferrari Fontes;Valido;13244644;Estância Săo Jorge
SP;Jarinu;Estrada Municipal Atílio Squizato;Valido;13244650;Estância Climatérica Săo José
SP;Jarinu;Avenida Coronel José Ignácio;Valido;13244660;Estância Climatérica Săo José
SP;Jarinu;Avenida Nossa Senhora da Aparecida;Valido;13244662;Estância Climatérica Săo José
SP;Jarinu;Rua Săo José;Valido;13244664;Estância Climatérica Săo José
SP;Jarinu;Avenida Santa Thereza de Jesus;Valido;13244666;Estância Climatérica Săo José
SP;Jarinu;Avenida Albino Augusto Rego;Valido;13244668;Estância Climatérica Săo José
SP;Jarinu;Estrada Municipal Joăo Lucio do Prado;Valido;13244800;Estância Diory
SP;Jarinu;Rua 1;Valido;13244802;Estância Diory
SP;Jarinu;Rua 2;Valido;13244804;Estância Diory
SP;Jarinu;Rua 3;Valido;13244806;Estância Diory
SP;Jarinu;Rua 4;Valido;13244808;Estância Diory
SP;Jarinu;Rua 5;Valido;13244810;Estância Diory
SP;Jarinu;Rua 6;Valido;13244812;Estância Diory
SP;Jarinu;Rua 7;Valido;13244814;Estância Diory
SP;Jarinu;Rua 8;Valido;13244816;Estância Diory
SP;Jarinu;Rua 9;Valido;13244818;Estância Diory
SP;Jarinu;Rua 10;Valido;13244820;Estância Diory
SP;Jarinu;Rua 11;Valido;13244822;Estância Diory
SP;Jarinu;Rua 12;Valido;13244824;Estância Diory
SP;Jarinu;Estrada Municipal Walter Parise;Valido;13246000;Boa Esperança
SP;Jarinu;Rua Um;Valido;13246002;Boa Esperança
SP;Jarinu;Avenida Marginal;Valido;13246004;Boa Esperança
SP;Jarinu;Rua Dois;Valido;13246006;Boa Esperança
SP;Jarinu;Rua Săo Sebastiăo;Valido;13246010;Estância Săo Sebastiăo
SP;Jarinu;Rua Santo Fernandes;Valido;13246012;Estância Săo Sebastiăo
SP;Jarinu;Avenida Săo Luiz;Valido;13246014;Estância Săo Sebastiăo
SP;Jarinu;Rua E;Valido;13246016;Estância Săo Sebastiăo
SP;Jarinu;Rua Rosário de Alvarenga;Valido;13246018;Estância Săo Sebastiăo
SP;Jarinu;Rua Maria Vitalina de Alvarenga;Valido;13246019;Estância Săo Sebastiăo
SP;Jarinu;Rua José Alvarenga Sobrinho;Valido;13246020;Estância Săo Sebastiăo
SP;Jarinu;Rua Cândida Sampaio Justo;Valido;13246022;Estância Săo Sebastiăo
SP;Jarinu;Alameda Baobá;Valido;13246023;Jardim Florença
SP;Jarinu;Alameda das Paineiras;Valido;13246024;Jardim Florença
SP;Jarinu;Alameda Ipę Branco;Valido;13246025;Jardim Florença
SP;Jarinu;Travessa Cambuci;Valido;13246026;Jardim Florença
SP;Jarinu;Travessa Juazeiro;Valido;13246027;Jardim Florença
SP;Jarinu;Alameda Manacá da Serra;Valido;13246028;Jardim Florença
SP;Jarinu;Alameda Ipę Amarelo;Valido;13246029;Jardim Florença
SP;Jarinu;Alameda Jequitibá;Valido;13246030;Jardim Florença
SP;Jarinu;Rodovia Edgard Máximo Zambotto;Valido;13246033;Bairro do Fim do Campo
SP;Jarinu;Estrada Municipal Jacundo Censi;Valido;13246034;Bairro do Fim do Campo
SP;Jarinu;Estrada Municipal Joanim Perobelli;Valido;13246035;Bairro do Fim do Campo
SP;Jarinu;Estrada Municipal Atílio Squizato;Valido;13246100;Parque das Videiras
SP;Jarinu;Rua Benedito Higino Machado Dito Gordo;Valido;13246102;Parque das Videiras
SP;Jarinu;Rua Amazil Marcellina das Dores;Valido;13246104;Parque das Videiras
SP;Jarinu;Rua Antonio Carlos de Lima;Valido;13246106;Parque das Videiras
SP;Jarinu;Rua José Benedito Arcanjo;Valido;13246108;Parque das Videiras
SP;Jarinu;Avenida Joăo Messias;Valido;13246110;Parque das Videiras
SP;Jarinu;Rua Iracema Vieira Golçalves;Valido;13246112;Parque das Videiras
SP;Jarinu;Rua José Bueno Ferraz;Valido;13246114;Parque das Videiras
SP;Jarinu;Rua Francisco Arcanjo;Valido;13246116;Parque das Videiras
SP;Jarinu;Rua José Bernardino de Moura;Valido;13246118;Parque das Videiras
SP;Jarinu;Rua Silvio Angelo Malerba;Valido;13246120;Parque das Videiras
SP;Jarinu;Rua dos Laranjais;Valido;13246122;Parque das Videiras
SP;Jarinu;Avenida Săo Luiz;Valido;13246130;Estância Săo Luiz
SP;Jarinu;Alameda das Orquídeas;Valido;13246132;Estância Săo Luiz
SP;Jarinu;Alameda das Rosas;Valido;13246134;Estância Săo Luiz
SP;Jarinu;Alameda Primavera;Valido;13246136;Estância Săo Luiz
SP;Jarinu;Alameda das Palmas;Valido;13246138;Estância Săo Luiz
SP;Jarinu;Alameda das Flores;Valido;13246140;Estância Săo Luiz
SP;Jarinu;Rua Alfredo Moneti;Valido;13246142;Estância Săo Luiz
SP;Jarinu;Alameda das Azaléias;Valido;13246144;Estância Săo Luiz
SP;Jarinu;Alameda das Violetas;Valido;13246146;Estância Săo Luiz
SP;Jarinu;Alameda dos Lírios;Valido;13246148;Estância Săo Luiz
SP;Jarinu;Alameda Rosa Sacchetin Viana;Valido;13246150;Estância Săo Luiz
SP;Jarinu;Alameda dos Girassóis;Valido;13246152;Estância Săo Luiz
SP;Jarinu;Estrada Municipal Cipriano Perobelli;Valido;13246154;Estância Săo Luiz
SP;Jarinu;Estrada Municipal Cipriano Perobelli;Valido;13246160;Estância Maria Elisa
SP;Jarinu;Rua 7 de Setembro;Valido;13246162;Estância Maria Elisa
SP;Jarinu;Rua 21 de Abril;Valido;13246164;Estância Maria Elisa
SP;Jarinu;Estrada Municipal Cipriano Perobelli;Valido;13246170;Estância Pauleto
SP;Jarinu;Estrada Municipal Cipriano Perobelli;Valido;13246180;Estância Pauleto II
SP;Jarinu;Estrada Municipal Eugęnio Masteguim (JAR-276);Valido;13246190;Bairro do Capăo
SP;Jarinu;Rua Hildefonso Vianna;Valido;13246300;Recanto do Sol
SP;Jarinu;Estrada Recanto do Sol;Valido;13246302;Recanto do Sol
SP;Jarinu;Avenida Antonia Bezerra da Silva;Valido;13246310;Residencial Cambarah
SP;Jarinu;Rua Ayrton Senna da Silva;Valido;13246312;Residencial Cambarah
SP;Jarinu;Rua Ronald Golias;Valido;13246314;Residencial Cambarah
SP;Jarinu;Rua Francisco Anysio de Oliveira Paula Filho;Valido;13246316;Residencial Cambarah
SP;Jarinu;Rua Hebe Maria Monteiro de Camargo Ravagnani;Valido;13246318;Residencial Cambarah
SP;Jarinu;Rua Antonio Carlos Jobim;Valido;13246320;Residencial Cambarah
SP;Jarinu;Rua Doutora Zilda Arns;Valido;13246322;Residencial Cambarah
SP;Jarinu;Rua Jorge Leal Amado de Farias;Valido;13246324;Residencial Cambarah
SP;Jarinu;Rua Oscar Niemeyer Ribeiro Soares Filho;Valido;13246326;Residencial Cambarah
SP;Jarinu;Via Săo Francisco;Valido;13246670;Parque Yramaia
SP;Jarinu;Via Marajó;Valido;13246672;Parque Yramaia
SP;Jarinu;Via Xingu;Valido;13246674;Parque Yramaia
SP;Jarinu;Via Tocantins;Valido;13246676;Parque Yramaia
SP;Jarinu;Via Iguaçu;Valido;13246678;Parque Yramaia
SP;Jarinu;Rua 1;Valido;13246680;Recanto Campo Verde
SP;Jarinu;Rua 2;Valido;13246682;Recanto Campo Verde
SP;Jarinu;Rua Professor Neydy de Campos Melges;Valido;13246690;Chácaras Canaă
SP;Jarinu;Estrada Municipal Rubens de Almeida Pupo;Valido;13246692;Chácaras Canaă
SP;Jarinu;Rua Colomba Castelli Pomim;Valido;13246694;Chácaras Canaă
SP;Jarinu;Rua Cambará;Valido;13246700;Recreio Santo Antônio
SP;Jarinu;Alameda Schiesaro;Valido;13246702;Recreio Santo Antônio
SP;Jarinu;Rua Sucupira Amarela;Valido;13246704;Recreio Santo Antônio
SP;Jarinu;Rua Andirá;Valido;13246706;Recreio Santo Antônio
SP;Jarinu;Rua Rosa da Mata;Valido;13246708;Recreio Santo Antônio
SP;Jarinu;Rua Cedro Amarelo;Valido;13246710;Recreio Santo Antônio
SP;Jarinu;Rua Árvore da Chuva;Valido;13246712;Recreio Santo Antônio
SP;Jarinu;Estrada do Mirante;Valido;13246720;Estância Figueira Branca
SP;Jarinu;Estrada dos Manacás;Valido;13246722;Estância Figueira Branca
SP;Jarinu;Estrada da Cabreuvas;Valido;13246724;Estância Figueira Branca
SP;Jarinu;Estrada do Bosque;Valido;13246726;Estância Figueira Branca
SP;Jarinu;Travessa do Bosque;Valido;13246728;Estância Figueira Branca
SP;Jarinu;Estrada do Cedro;Valido;13246730;Estância Figueira Branca
SP;Jarinu;Travessa do Cedro;Valido;13246732;Estância Figueira Branca
SP;Jarinu;Travessa dos Jequitibás;Valido;13246734;Estância Figueira Branca
SP;Jarinu;Estrada das Embuias;Valido;13246736;Estância Figueira Branca
SP;Jarinu;Estrada da Figueira;Valido;13246738;Estância Figueira Branca
SP;Jarinu;Estrada do Pau D'Alho;Valido;13246740;Estância Figueira Branca
SP;Jarinu;Estrada das Perobas;Valido;13246742;Estância Figueira Branca
SP;Jarinu;Estrada Municipal Manoel Gerez Navarro;Valido;13246750;Vale Esmeralda
SP;Jarinu;Rua Sanhaço de Fogo;Valido;13246752;Vale Esmeralda
SP;Jarinu;Rua Pintassilgo Verde;Valido;13246754;Vale Esmeralda
SP;Jarinu;Rua Beija- Flor;Valido;13246756;Vale Esmeralda
SP;Jarinu;Via do Planalto;Valido;13246758;Vale Esmeralda
SP;Jarinu;Rua Joăo de Barro;Valido;13246760;Vale Esmeralda
SP;Jarinu;Rua Tuiuiu;Valido;13246762;Vale Esmeralda
SP;Jarinu;Rua Uirapuru;Valido;13246764;Vale Esmeralda
SP;Jarinu;Estrada Municipal Manoel Gerez Navarro;Valido;13246770;Maracană
SP;Jarinu;Rua Deus é Fiel;Valido;13246771;Maracană
SP;Jarinu;Estrada Municipal Gino Dártora;Valido;13246772;Maracană
SP;Jarinu;Estrada Municipal Gino Dártora;Valido;13246773;Maracană
SP;Jarinu;Estrada Municipal Gino Dártora;Valido;13246774;Maracană
SP;Jarinu;Rua dos Jacarandás;Valido;13246776;Estância Paraiso
SP;Jarinu;Rua das Tulipas;Valido;13246777;Estância Paraiso
SP;Jarinu;Rua das Bromélias;Valido;13246778;Estância Paraiso
SP;Jarinu;Rua das Oliveiras;Valido;13246779;Estância Paraiso
SP;Jarinu;Rua das Pimentas;Valido;13246780;Estância Paraiso
SP;Jarinu;Rua Vitória Régia;Valido;13246781;Estância Paraiso
SP;Jarinu;Rua Canela do Campo;Valido;13246782;Estância Paraiso
SP;Jarinu;Rua das Macieiras;Valido;13246783;Estância Paraiso
SP;Jarinu;Rua Amarilis;Valido;13246784;Estância Paraiso
SP;Jarinu;Rua dos Cambarás;Valido;13246785;Estância Paraiso
SP;Jarinu;Rua Rosa do Deserto;Valido;13246786;Estância Paraiso
SP;Jarinu;Rua das Gardęnias;Valido;13246787;Estância Paraiso
SP;Jarinu;Rua Alexandre de Oliveira;Valido;13247000;Campo do Realengo
SP;Jarinu;Rua Guatambu;Valido;13247002;Campo do Realengo
SP;Jarinu;Rua 8;Valido;13247004;Campo do Realengo
SP;Jarinu;Rua Nair Almeida Oliveira;Valido;13247006;Campo do Realengo
SP;Jarinu;Rua Joăo Gerez Rodrigues;Valido;13247008;Campo do Realengo
SP;Jarinu;Estrada Municipal Gino Dártora;Valido;13247009;Campo do Realengo
SP;Jarinu;Rua Cambucá;Valido;13247010;Campo do Realengo
SP;Jarinu;Rua Sapucaia;Valido;13247012;Campo do Realengo
SP;Jarinu;Rua Cedro;Valido;13247014;Campo do Realengo
SP;Jarinu;Estrada Municipal Gino Dártora;Valido;13247020;Estância Morro Alto
SP;Jarinu;Estrada Săo Vicente;Valido;13247200;Chácaras de Recreio da Fazenda Estância Săo Paulo
SP;Jarinu;Estrada Santo Agostinho;Valido;13247202;Chácaras de Recreio da Fazenda Estância Săo Paulo
SP;Jarinu;Estrada Săo Francisco;Valido;13247204;Chácaras de Recreio da Fazenda Estância Săo Paulo
SP;Jarinu;Estrada Săo Joaquim;Valido;13247206;Chácaras de Recreio da Fazenda Estância Săo Paulo
SP;Jarinu;Estrada Sebastiăo dos Santos Camargo;Valido;13247208;Chácaras de Recreio da Fazenda Estância Săo Paulo
SP;Jarinu;Estrada Municipal Gino Dártora;Valido;13247210;Chácaras de Recreio da Fazenda Estância Săo Paulo
SP;Jarinu;Estrada Municipal Gino Dártora;Valido;13247211;Chácaras de Recreio da Fazenda Estância Săo Paulo
SP;Jarinu;Rua Carmem Pinto Silvestre;Valido;13247212;Chácaras de Recreio da Fazenda Estância Săo Paulo
SP;Jarinu;Estrada Municipal Joăo Ferreira da Silva;Valido;13247214;Chácaras de Recreio da Fazenda Estância Săo Paulo
SP;Jarinu;Estrada Santa Bárbara;Valido;13247216;Chácaras de Recreio da Fazenda Estância Săo Paulo
SP;Jarinu;Caminho 14;Valido;13247218;Chácaras de Recreio da Fazenda Estância Săo Paulo
SP;Jarinu;Caminho 15;Valido;13247220;Chácaras de Recreio da Fazenda Estância Săo Paulo
SP;Jarinu;Caminho 16;Valido;13247222;Chácaras de Recreio da Fazenda Estância Săo Paulo
SP;Jarinu;Caminho Jerônimo Gregório Garcia Mesas;Valido;13247224;Chácaras de Recreio da Fazenda Estância Săo Paulo
SP;Jarinu;Estrada Municipal Joăo Lucio do Prado;Valido;13247226;Chácaras de Recreio da Fazenda Estância Săo Paulo
SP;Jarinu;Alameda dos Ipęs Coloridos;Valido;13247230;Residencial Terras de Jarinu
SP;Jarinu;Alameda das Aroeiras Brasileiras;Valido;13247232;Residencial Terras de Jarinu
SP;Jarinu;Alameda Suină;Valido;13247234;Residencial Terras de Jarinu
SP;Jarinu;Alameda Carnaúba;Valido;13247236;Residencial Terras de Jarinu
SP;Jarinu;Alameda Jacarandá Mimoso;Valido;13247238;Residencial Terras de Jarinu
SP;Jarinu;Alameda das Cássias;Valido;13247240;Residencial Terras de Jarinu
SP;Jarinu;Alameda Sanandu;Valido;13247242;Residencial Terras de Jarinu
SP;Jarinu;Alameda Resedá Oriental;Valido;13247244;Residencial Terras de Jarinu
SP;Jarinu;Alameda Paineiras Brasileiras;Valido;13247246;Residencial Terras de Jarinu
SP;Jarinu;Alameda Flora;Valido;13247248;Residencial Terras de Jarinu
SP;Jarinu;Alameda Mata Atlântica;Valido;13247250;Residencial Terras de Jarinu
SP;Jarinu;Alameda Chuva de Ouro;Valido;13247252;Residencial Terras de Jarinu
SP;Jarinu;Alameda Quaresmeira Rosa;Valido;13247254;Residencial Terras de Jarinu
SP;Jarinu;Alameda Manacá Pioneiro;Valido;13247256;Residencial Terras de Jarinu
SP;Jarinu;Alameda Sibipiruna Brasileira;Valido;13247258;Residencial Terras de Jarinu
SP;Jarinu;Alameda Bahuínia;Valido;13247260;Residencial Terras de Jarinu
SP;Jarinu;Estrada Municipal;Valido;13247400;Chácaras Uvalândia
SP;Jarinu;Rua 2;Valido;13247402;Chácaras Uvalândia
SP;Jarinu;Rua 3;Valido;13247404;Chácaras Uvalândia
SP;Jarinu;Rua 4;Valido;13247406;Chácaras Uvalândia
SP;Jarinu;Rua 5;Valido;13247408;Chácaras Uvalândia
SP;Jarinu;Rua 6;Valido;13247410;Chácaras Uvalândia
SP;Jarinu;Estrada das Orquídeas;Valido;13247500;Chácaras Santo Antônio
SP;Jarinu;Estrada dos Cravos;Valido;13247502;Chácaras Santo Antônio
SP;Jarinu;Estrada das Margaridas;Valido;13247504;Chácaras Santo Antônio
SP;Jarinu;Estrada das Rosas;Valido;13247506;Chácaras Santo Antônio
SP;Jarinu;Estrada das Violetas;Valido;13247508;Chácaras Santo Antônio
SP;Jarinu;Rua das Hortęncias;Valido;13247510;Jardim Cayoçara
SP;Jarinu;Rua dos Miosotis;Valido;13247512;Jardim Cayoçara
SP;Jarinu;Rua das Margaridas;Valido;13247514;Jardim Cayoçara
SP;Jarinu;Rua das Azaléas;Valido;13247516;Jardim Cayoçara
SP;Jarinu;Avenida Nossa Senhora do Bom Parto;Valido;13247520;Campo Largo
SP;Jarinu;Praça Maximino Pintor Pelegrini;Valido;13247521;Campo Largo
SP;Jarinu;Rua Săo Benedito;Valido;13247522;Campo Largo
SP;Jarinu;Rua Sebastiăo Bueno da Cunha Filho;Valido;13247523;Campo Largo
SP;Jarinu;Avenida Domingos Squizato;Valido;13247524;Campo Largo
SP;Jarinu;Estrada Municipal Miguel Carmine Pistocia (JAR-481);Valido;13247525;Campo Largo
SP;Jarinu;Rua José Arca;Valido;13247526;Campo Largo
SP;Jarinu;Rua Joăo Barbosa Franco;Valido;13247600;Conjunto Habitacional Antenor Rodini
SP;Jarinu;Estrada Municipal Jacundo Censi;Valido;13248000;Parque Florença
SP;Jarinu;Rua 1;Valido;13248002;Parque Florença
SP;Jarinu;Rua 2;Valido;13248004;Parque Florença
SP;Jarinu;Rua 3;Valido;13248006;Parque Florença
SP;Jarinu;Rua 4;Valido;13248008;Parque Florença
SP;Jarinu;Rua 5;Valido;13248010;Parque Florença
SP;Jarinu;Rua 6;Valido;13248012;Parque Florença
SP;Jarinu;Rua 7;Valido;13248014;Parque Florença
SP;Jarinu;Rua 8;Valido;13248016;Parque Florença
SP;Jarinu;Rua 9;Valido;13248018;Parque Florença
SP;Jarinu;Estrada Municipal Bento Galdino de Sousa (JAR-349);Valido;13248020;Bairro do Pinheirinho
SP;Jarinu;Estrada Municipal Natal Lorencini (JAR-030);Valido;13248021;Bairro do Pinheirinho
SP;Jarinu;Rodovia Edgard Máximo Zambotto;Valido;13248100;Soares
SP;Jarinu;Estrada Municipal Orestes Francisco Censi (JAR-386);Valido;13248101;Soares
SP;Jarinu;Estrada Municipal Jacundo Censi;Valido;13248103;Soares
SP;Jarinu;Rua Um;Valido;13248102;Soares
SP;Jarinu;Estrada Municipal Natal Lorencini (JAR-030);Valido;13248390;Bairro do Tanque
SP;Jarinu;Estrada Municipal Lazaro Gago;Valido;13248391;Bairro do Tanque
SP;Jarinu;Rua Jequitibá;Valido;13248400;Recreio More
SP;Jarinu;Rua Jatobás;Valido;13248402;Recreio More
SP;Jarinu;Rua Jacarandá;Valido;13248404;Recreio More
SP;Jarinu;Estrada Municipal Natal Lorencini (JAR-030);Valido;13248410;Bairro do Campo Verde
SP;Jarinu;Alameda Colina do Sol;Valido;13249010;Colina do Sol
SP;Jarinu;Estrada Municipal Natal Lorencini (JAR-030);Valido;13249030;Bairro da Invernada
SP;Jarinu;Estrada Municipal Orlando Fumachi;Valido;13249031;Bairro da Invernada
SP;Jarinu;Estrada Municipal Natal Lorencini (JAR-030);Valido;13249160;Bairro do Pitangal
SP;Jarinu;Estrada Municipal Fioravante Doratioto;Valido;13249161;Bairro do Pitangal
SP;Jarinu;Estrada Municipal Jacinto Marin;Valido;13249162;Bairro do Pitangal
SP;Jarinu;Estrada Domingos Parise;Valido;13249163;Bairro do Pitangal
SP;Jarinu;Estrada Municipal Natal Lorencini (JAR-030);Valido;13249320;Bairro do Tem Tem
SP;Jarinu;Área Rural;Valido;13249899;Área Rural de Jarinu
