Logradouro;Bairro;CEP;Situacao
Rua Goar Lorencini;Centro;13240001;Valido
Rua Honofre Abel de Camargo;Centro;13240003;Valido
Avenida Ernesto de Moraes;Centro;13240005;Valido
Rua da Independência;Centro;13240007;Valido
Rua Sebastião Bueno Ferraz;Centro;13240009;Valido
Rua João Pessoa;Centro;13240010;Valido
Avenida Doutor Artur Bernardes;Centro;13240011;Valido
Rua 15 de Novembro;Centro;13240013;Valido
Rua Amélia;Centro;13240015;Valido
Rua Constante Amador Lorencini;Centro;13240017;Valido
Rua David Lopes de Camargo;Centro;13240019;Valido
Rua Juvenal Lopes de Camargo;Centro;13240021;Valido
Avenida Angelo Bernucci;Centro;13240023;Valido
Rua Vereador Hermínio Contesini;Centro;13240025;Valido
Rua Pedro Renato Lorencini;Centro;13240027;Valido
Rua Daihati Nishimura;Centro;13240029;Valido
Rua José Tenente;Centro;13240031;Valido
Rua Francisco Alves de Siqueira Júnior;Centro;13240033;Valido
Rua Juvenal Alvim;Centro;13240035;Valido
Rua Coronel José Inácio;Centro;13240037;Valido
Rua José de Moura;Centro;13240039;Valido
Praça Nossa Senhora do Carmo;Centro;13240041;Valido
Rua Guilherme Contesini;Centro;13240043;Valido
Avenida Vereador Pedro Contesini;Centro;13240044;Valido
Avenida Doutor Antenor Soares Gandra;Centro;13240045;Valido
Avenida Prefeito Guilherme Zanoni;Centro;13240046;Valido
Praça 17 de Abril;Centro;13240047;Valido
Avenida da Saudade;Centro;13240049;Valido
Rua 1;Horto dos Ipês;13240055;Valido
Rua Lauro Tafarelo;Horto dos Ipês;13240056;Valido
Rua Carlos Fusuzzi;Horto dos Ipês;13240057;Valido
Rua 15 de Novembro;Vila Rica;13240060;Valido
Rua João Pessoa;Vila Rica;13240062;Valido
Avenida Doutor Artur Bernardes;Vila Rica;13240064;Valido
Rua Julio Zanoni;Vila Rica;13240065;Valido
Avenida Luiz Domingues;Vila Rica;13240066;Valido
Rua Leão Rachman;Vila Rica;13240067;Valido
Rua Julio de Toledo;Vila Rica;13240068;Valido
Rua dos Pássaros;Parque Antonio Afonso Pereira;13240070;Valido
Rua Lucrécia Valério;Parque Antonio Afonso Pereira;13240072;Valido
Avenida José Manara;Parque Antonio Afonso Pereira;13240074;Valido
Rua Joaquim Lopes;Parque Antonio Afonso Pereira;13240076;Valido
Rua Aléssio Bonança;Parque Antonio Afonso Pereira;13240078;Valido
Rua Francisco Savone;Parque Antonio Afonso Pereira;13240080;Valido
Rua Ema;Vila Guilherme;13240150;Valido
Rua Ubirajara Antonio Zambotto;Vila Guilherme;13240152;Valido
Rua 15 de Novembro;Vila Guilherme;13240154;Valido
Rua Julio de Toledo;Vila Guilherme;13240156;Valido
Avenida Luiz Domingues;Vila Guilherme;13240158;Valido
Avenida Doutor Artur Bernardes;Vila Guilherme;13240160;Valido
Rua Guilherme Zambotto;Vila Guilherme;13240162;Valido
Rua Ema;Jardim da Saúde;13240170;Valido
Rua Luiz Bonança;Jardim da Saúde;13240172;Valido
Rua Luiz Bernucci;Jardim da Saúde;13240174;Valido
Rua Luiz Soares Moura;Jardim da Saúde;13240176;Valido
Travessa do Velório;Jardim da Saúde;13240178;Valido
Rua Antonio Lopes da Cruz;Jardim da Saúde;13240180;Valido
Rua João Benedito Bueno;Jardim da Saúde;13240182;Valido
Rua Padre João Maria Riolo;Jardim da Saúde;13240184;Valido
Rua Antonio de Aguiar Peçanha;Jardim da Saúde;13240186;Valido
Praça Francisco Alves de Siqueira Junior;Jardim da Saúde;13240187;Valido
Rua Francisco Damasio de Oliveira;Jardim da Saúde;13240188;Valido
Rua Beneditro Estevam de Godoy;Jardim da Saúde;13240190;Valido
Rua Eugênio da Silva Bressane;Jardim da Saúde;13240192;Valido
Rua Alice Amorim Gonçalves;Jardim da Saúde;13240194;Valido
Rua Humberto Zambotto;Jardim Bonança;13240250;Valido
Rua Alcides Biasin;Jardim Bonança;13240252;Valido
Rua Pedro Lorencini;Jardim Bonança;13240254;Valido
Rua José Lorencini;Jardim Bonança;13240256;Valido
Rua Sebastião Siqueira Bueno;Jardim Bonança;13240258;Valido
Rua Emílio Musselli;Jardim Bonança;13240260;Valido
Rua João Bulgarelli;Vila Santa Rosa;13240400;Valido
Rua Natale Bernucci;Vila Santa Rosa;13240402;Valido
Rua Vereador Osvaldo Damásio de Oliveira;Jarinu FC;13240410;Valido
Rua Angelina Leonardelli Conti;Jarinu FC;13240412;Valido
Rua Nestor Lorencini;Jarinu FC;13240414;Valido
Avenida Vereador João Pedro Ferraz;Esplanada do Carmo;13240420;Valido
Alameda Teresina;Esplanada do Carmo;13240422;Valido
Avenida José Mauro Soranz;Esplanada do Carmo;13240424;Valido
Alameda Rio Branco;Esplanada do Carmo;13240426;Valido
Alameda Campo Grande;Esplanada do Carmo;13240428;Valido
Alameda Recife;Esplanada do Carmo;13240430;Valido
Alameda Porto Alegre;Esplanada do Carmo;13240432;Valido
Alameda Manaus;Esplanada do Carmo;13240434;Valido
Alameda Belém;Esplanada do Carmo;13240436;Valido
Alameda Guanabara;Esplanada do Carmo;13240438;Valido
Alameda Cuiabá;Esplanada do Carmo;13240440;Valido
Alameda Belo Horizonte;Esplanada do Carmo;13240442;Valido
Alameda Florianópolis;Esplanada do Carmo;13240444;Valido
Alameda Curitiba (lado par);Esplanada do Carmo;13240446;Valido
Alameda São Salvador;Esplanada do Carmo;13240448;Valido
Alameda Juscelino Kubitshek;Esplanada do Carmo;13240450;Valido
Alameda Goiânia;Esplanada do Carmo;13240452;Valido
Alameda Brasília;Esplanada do Carmo;13240454;Valido
Estrada Municipal Ernesta Beazim Ferrara (JAR-343);Bairro do Chavi;13240700;Valido
Estrada Municipal Pedro Franco de Moura (JAR-348);Bairro do Breu;13240800;Valido
Estrada Municipal Benvenuto Parise (JAR-040);Bairro do Breu;13240801;Valido
Estrada Municipal Celestino Parise (JAR-163);Bairro do Breu;13240802;Valido
Estrada Municipal Natal Lorencini (JAR-030);Bairro do Olaria;13240811;Valido
Estrada Municipal Atílio Bego;Bairro da Olaria;13240812;Valido
Estrada Municipal João Ferrarezi;Bairro da Olaria;13240813;Valido
Estrada Municipal Luiz Comin;Bairro da Olaria;13240814;Valido
Rua Rodolfo Gastaldi;Conjunto Habitacional Nicola Tafarelo;13241000;Valido
Rua Dorival Antonio Ferrara;Conjunto Habitacional Nicola Tafarelo;13241002;Valido
Rua João Baptista Parise;Conjunto Habitacional Nicola Tafarelo;13241004;Valido
Rua Miguel Siqueira Bueno;Conjunto Habitacional Nicola Tafarelo;13241006;Valido
Rua João Siqueira Bueno;Conjunto Habitacional Nicola Tafarelo;13241008;Valido
Rua Benedito Manuel de Souza;Jardim Morada Alta;13241010;Valido
Rua Pedro de Camargo Thompson;Jardim Morada Alta;13241012;Valido
Rua Armando Guimarães;Jardim Morada Alta;13241014;Valido
Rua Jarinu;Jardim Morada Alta;13241016;Valido
Rua Vereador Rico Manara;Jardim Morada Alta;13241018;Valido
Rua Rosa Ferreira da Silva;Jardim Morada Alta;13241020;Valido
Rua Vereador Bruno Marcos Censi;Jardim Morada Alta;13241022;Valido
Rua Vereador Jacintho Lucio do Prado;Jardim Morada Alta;13241024;Valido
Rua Vereador José Bernucci Netto;Jardim Morada Alta;13241026;Valido
Rua Vereador Euclides Soares de Moura;Jardim Morada Alta;13241028;Valido
Avenida Vereador Francisco Perini;Jardim Morada Alta;13241030;Valido
Avenida José Bego;Bairro José de Lima;13241040;Valido
Rodovia Edgard Máximo Zambotto;Bairro José de Lima;13241041;Valido
Alameda Curitiba (lado impar);Bairro José de Lima;13241042;Valido
Avenida 2;Residencial Portal de Jarinu;13241051;Valido
Rua 1;Residencial Portal de Jarinu;13241052;Valido
Rua 2;Residencial Portal de Jarinu;13241053;Valido
Rua 3;Residencial Portal de Jarinu;13241054;Valido
Rua 4;Residencial Portal de Jarinu;13241055;Valido
Rua 5;Residencial Portal de Jarinu;13241056;Valido
Rua 6;Residencial Portal de Jarinu;13241057;Valido
Rua 7;Residencial Portal de Jarinu;13241058;Valido
Rua Amado Damasceno;Conjunto Habitacional Residencial São Gonçalo;13241061;Valido
Rua Benedito Machado;Conjunto Habitacional Residencial São Gonçalo;13241062;Valido
Rua Miguel Olegário Barbosa;Conjunto Habitacional Residencial São Gonçalo;13241063;Valido
Avenida das Jaqueiras;Condomínio Campestre Santa Rita;13241100;Valido
Rua Sérgio;Condomínio Campestre Santa Rita;13241102;Valido
Avenida 02;Condomínio Campestre Santa Rita;13241103;Valido
Rua Mônica;Condomínio Campestre Santa Rita;13241104;Valido
Avenida dos Ipê;Condomínio Campestre Santa Rita;13241106;Valido
Rua Iara;Condomínio Campestre Santa Rita;13241108;Valido
Rua Leda;Condomínio Campestre Santa Rita;13241110;Valido
Avenida das Jaqueiras;Estância Climatérica Ypê;13241120;Valido
Avenida dos Abacateiros;Estância Climatérica Ypê;13241122;Valido
Avenida dos Ipês;Estância Climatérica Ypê;13241124;Valido
Rua 5;Estância Climatérica Ypê;13241125;Valido
Rua dos Limoeiros;Estância Climatérica Ypê;13241126;Valido
Rua 1;Estância Climatérica Ypê;13241127;Valido
Rua das Figueiras;Estância Climatérica Ypê;13241128;Valido
Rua das Jabuticabeiras;Estância Climatérica Ypê;13241130;Valido
Rua das Tamareiras;Estância Climatérica Ypê;13241132;Valido
Rua das Cerejeiras;Estância Climatérica Ypê;13241134;Valido
Rua 2;Estância Climatérica Ypê;13241135;Valido
Rua das Mangueiras;Estância Climatérica Ypê;13241136;Valido
Rua das Ameixeiras;Estância Climatérica Ypê;13241138;Valido
Rua das Limeiras;Estância Climatérica Ypê;13241140;Valido
Rua dos Cajueiros;Estância Climatérica Ypê;13241142;Valido
Rua das Goiabeiras;Estância Climatérica Ypê;13241144;Valido
Rua das Pitangueiras;Estância Climatérica Ypê;13241146;Valido
Rua das Videiras;Estância Climatérica Ypê;13241148;Valido
Rua das Amoreiras;Estância Climatérica Ypê;13241150;Valido
Rua dos Pessegueiros;Estância Climatérica Ypê;13241152;Valido
Rua das Laranjeiras;Estância Climatérica Ypê;13241154;Valido
Avenida das Macieiras;Estância Climatérica Ypê;13241156;Valido
Rua 1;Vila Primavera;13241160;Valido
Rua Vera Lucia Perobelli;Vila Primavera;13241162;Valido
Rua Adhemar Spironelli;Vila Primavera;13241164;Valido
Rua Mario de Souza Rego;Vila Primavera;13241166;Valido
Rua José Maurício Casarin;Vila Primavera;13241168;Valido
Rua José Carlos Pereira;Vila Primavera;13241170;Valido
Rua do Lago;Vila Primavera;13241172;Valido
Rua Adão Mario Pereira;Vila Primavera;13241174;Valido
Rua Ricardo Nelson de Almeida;Vila Primavera;13241176;Valido
Rua 11;Vila Primavera;13241177;Valido
Rua 9;Vila Primavera;13241178;Valido
Avenida Milton Vianna;Vila Primavera;13241180;Valido
Rua Vereador Antenor Antonio Manara;Vila Primavera;13241182;Valido
Rua Manoel Salvador da Silva;Vila Primavera;13241183;Valido
Rua Carmelino Ferreira da Silva;Vila Primavera;13241184;Valido
Rua Maria José Camargo dos Santos;Vila Primavera;13241186;Valido
Rua Weverton Augusto Demétrio;Vila Primavera;13241188;Valido
Rua 18-A;Vila Primavera;13241190;Valido
Rua 31;Vila Primavera;13241192;Valido
Rua 37;Vila Primavera;13241194;Valido
Rua Terezinha Freires da Silva;Vila Primavera;13241196;Valido
Rua Salvador Antonio Peixoto;Vila Primavera;13241198;Valido
Rua 14;Vila Primavera;13241200;Valido
Rua 13;Vila Primavera;13241202;Valido
Rua Lúcio Fernandes Pereira;Vila Primavera;13241204;Valido
Rua Eliseu Tadeu de Godoi;Vila Primavera;13241206;Valido
Rua Luiz Guimarães;Vila Primavera;13241208;Valido
Rua 35;Vila Primavera;13241210;Valido
Rua 34;Vila Primavera;13241212;Valido
Rua Benedito da Silva Morais;Vila Primavera;13241214;Valido
Rua 36;Vila Primavera;13241216;Valido
Rua 29;Vila Primavera;13241218;Valido
Rua 24;Vila Primavera;13241220;Valido
Rua 23;Vila Primavera;13241222;Valido
Rua Nabor Boschi;Vila Primavera;13241224;Valido
Rua Sargento Ijayr de Souza;Vila Primavera;13241226;Valido
Rua Avelino da Silva Junior;Vila Primavera;13241228;Valido
Rua Primavera;Vila Primavera;13241230;Valido
Rua Ana Soares de Paula;Vila Primavera;13241232;Valido
Estrada Municipal Santo Gastaldi;Vila Primavera;13241234;Valido
Estrada Municipal Xisto Valter Bernucci;Bairro dos Pereiras;13241240;Valido
Rua Gregório;Vila Nova Trieste;13242000;Valido
Rua José Ferrara;Vila Nova Trieste;13242001;Valido
Rua Doutor Samuel Del Giglio;Vila Nova Trieste;13242002;Valido
Rua Theodato;Vila Nova Trieste;13242004;Valido
Rua Sybaris;Vila Nova Trieste;13242006;Valido
Rua Milvio;Vila Nova Trieste;13242008;Valido
Rua Monte Sacro;Vila Nova Trieste;13242010;Valido
Rua Metronia;Vila Nova Trieste;13242012;Valido
Rua Palatino;Vila Nova Trieste;13242014;Valido
Rua Calpurnio Pison;Vila Nova Trieste;13242016;Valido
Rua Campo Verano;Vila Nova Trieste;13242018;Valido
Rua Aventino;Vila Nova Trieste;13242020;Valido
Rua Contarini;Vila Nova Trieste;13242022;Valido
Rua Faenza;Vila Nova Trieste;13242024;Valido
Rua Coregi;Vila Nova Trieste;13242026;Valido
Rua Cinislli;Vila Nova Trieste;13242028;Valido
Rua Cialdini;Vila Nova Trieste;13242030;Valido
Rua Anene;Vila Nova Trieste;13242032;Valido
Avenida Pinhal;Vila Nova Trieste;13242034;Valido
Rua Tor Di Quinto;Vila Nova Trieste;13242036;Valido
Rua Carbatela;Vila Nova Trieste;13242038;Valido
Rua Trastevere;Vila Nova Trieste;13242040;Valido
Avenida Vereador João Pedro Ferraz;Vila Nova Trieste;13242041;Valido
Rua Cristovan Colombo;Vila Nova Trieste;13242042;Valido
Avenida Giovani Papini;Vila Nova Trieste;13242044;Valido
Avenida Dante Alighieri;Vila Nova Trieste;13242046;Valido
Avenida Domenico Rosseti;Vila Nova Trieste;13242048;Valido
Avenida Pantilo Castaldi;Vila Nova Trieste;13242050;Valido
Rua Coriolano;Vila Nova Trieste;13242052;Valido
Rua Sardenha;Vila Nova Trieste;13242054;Valido
Avenida Enéa Silvio Piccolomini;Vila Nova Trieste;13242056;Valido
Rua Américo Vespucci;Vila Nova Trieste;13242058;Valido
Rua Mazzini;Vila Nova Trieste;13242060;Valido
Avenida Ápia;Vila Nova Trieste;13242062;Valido
Praça Ápia;Vila Nova Trieste;13242064;Valido
Rua Cassino;Vila Nova Trieste;13242066;Valido
Rua Carducce;Vila Nova Trieste;13242068;Valido
Rua Benvenuto Cellini;Vila Nova Trieste;13242070;Valido
Rua Anzio;Vila Nova Trieste;13242072;Valido
Rua Marco Pollo;Vila Nova Trieste;13242074;Valido
Rua Marconi;Vila Nova Trieste;13242076;Valido
Rua Galileu;Vila Nova Trieste;13242078;Valido
Rua Danúbio;Vila Nova Trieste;13242080;Valido
Praça Danúbio;Vila Nova Trieste;13242082;Valido
Rua Miguel Angelo;Vila Nova Trieste;13242084;Valido
Rua das Palmeiras;Vila Nova Trieste;13242086;Valido
Avenida Carlos Gomes;Vila Nova Trieste;13242088;Valido
Rua Savoia;Vila Nova Trieste;13242090;Valido
Rua Julio Cesar;Vila Nova Trieste;13242092;Valido
Avenida Roma;Vila Nova Trieste;13242094;Valido
Rua Potenza;Vila Nova Trieste;13242096;Valido
Rua Itália;Vila Nova Trieste;13242098;Valido
Rua Scipião;Vila Nova Trieste;13242100;Valido
Rua Galvani;Vila Nova Trieste;13242102;Valido
Avenida Anita Garibaldi;Vila Nova Trieste;13242104;Valido
Praça Garibaldi;Vila Nova Trieste;13242106;Valido
Rua Tito;Vila Nova Trieste;13242108;Valido
Rua Modema;Vila Nova Trieste;13242110;Valido
Avenida Taranto;Vila Nova Trieste;13242112;Valido
Rua Viarecio;Vila Nova Trieste;13242114;Valido
Rua Macedonia;Vila Nova Trieste;13242116;Valido
Avenida Marco Antonio;Vila Nova Trieste;13242118;Valido
Rua Puccini;Vila Nova Trieste;13242120;Valido
Rua Mazarine;Vila Nova Trieste;13242122;Valido
Rua Messina;Vila Nova Trieste;13242124;Valido
Rua Tibre;Vila Nova Trieste;13242126;Valido
Rua do Coliseu;Vila Nova Trieste;13242128;Valido
Praça América;Vila Nova Trieste;13242130;Valido
Avenida América;Vila Nova Trieste;13242132;Valido
Rua Romulo;Vila Nova Trieste;13242134;Valido
Rua das Perdizes;Vila Nova Trieste;13242136;Valido
Praça Spoleta;Vila Nova Trieste;13242138;Valido
Rua Latina;Vila Nova Trieste;13242140;Valido
Rua Pescara;Vila Nova Trieste;13242142;Valido
Rua Ancona;Vila Nova Trieste;13242144;Valido
Rua Veronese;Vila Nova Trieste;13242146;Valido
Rua Firenze;Vila Nova Trieste;13242148;Valido
Rua Rovigo;Vila Nova Trieste;13242150;Valido
Rua Napolis;Vila Nova Trieste;13242152;Valido
Rua Turim;Vila Nova Trieste;13242154;Valido
Rua Savona;Vila Nova Trieste;13242156;Valido
Rua Luca;Vila Nova Trieste;13242158;Valido
Rua Milão;Vila Nova Trieste;13242160;Valido
Rua Salerno;Vila Nova Trieste;13242162;Valido
Rodovia Edgard Máximo Zambotto;Vila Nova Trieste;13242163;Valido
Avenida Atibaia;Vila Nova Trieste;13242164;Valido
Avenida Veneza;Vila Nova Trieste;13242166;Valido
Avenida Verona;Vila Nova Trieste;13242168;Valido
Rua Palma;Vila Nova Trieste;13242170;Valido
Rua Trento;Vila Nova Trieste;13242172;Valido
Praça Turim;Vila Nova Trieste;13242174;Valido
Avenida Livorno;Vila Nova Trieste;13242176;Valido
Avenida Lombardia;Vila Nova Trieste;13242178;Valido
Avenida Palermo;Vila Nova Trieste;13242180;Valido
Avenida Donatelo;Vila Nova Trieste;13242182;Valido
Avenida Ticiano;Vila Nova Trieste;13242184;Valido
Avenida Torricelli;Vila Nova Trieste;13242186;Valido
Avenida Zanoni;Vila Nova Trieste;13242188;Valido
Rua Cristiano Herculano Diniz (Rua Lotti);Vila Nova Trieste;13242190;Valido
Avenida Septmo Severo;Vila Nova Trieste;13242192;Valido
Rua Impéria;Vila Nova Trieste;13242194;Valido
Rua Ancova;Vila Nova Trieste;13242196;Valido
Rua Bari;Vila Nova Trieste;13242198;Valido
Rua Antonio Tafarello;Recanto Silvana;13242200;Valido
Rua Liberato Spinassi;Recanto Silvana;13242202;Valido
Rua João Lopes de Camargo;Recanto Silvana;13242204;Valido
Rua Joviano Silveira Franco;Recanto Silvana;13242206;Valido
Rua Antonio Bulgarelli;Recanto Silvana;13242208;Valido
Rua Primo Ferrara;Recanto Silvana;13242210;Valido
Rua João Brollo;Recanto Silvana;13242212;Valido
Rua Pedro Brollo;Recanto Silvana;13242214;Valido
Rodovia Edgard Máximo Zambotto;Bairro do Campo dos Aleixos;13242220;Valido
Estrada Municipal Liberato Spinassi;Bairro do Campo dos Aleixos;13242221;Valido
Estrada Municipal Pedro Ferrara;Bairro do Campo dos Aleixos;13242222;Valido
Estrada Municipal Simão Neumark;Bairro do Campo dos Aleixos;13242223;Valido
Avenida Lago Superior;Residencial Lagos de Jarinu;13242500;Valido
Rua Baikal;Residencial Lagos de Jarinu;13242502;Valido
Rua Michigan;Residencial Lagos de Jarinu;13242504;Valido
Rua Leman;Residencial Lagos de Jarinu;13242506;Valido
Rua Guaiaba;Residencial Lagos de Jarinu;13242508;Valido
Rua Laguna;Residencial Lagos de Jarinu;13242510;Valido
Rua dos Cisnes;Residencial Lagos de Jarinu;13242512;Valido
Avenida Lago Vitória;Residencial Lagos de Jarinu;13242514;Valido
Rua Itaipu;Residencial Lagos de Jarinu;13242516;Valido
Rua Pampulha;Residencial Lagos de Jarinu;13242518;Valido
Rua Baviera;Residencial Lagos de Jarinu;13242520;Valido
Rua Ness;Residencial Lagos de Jarinu;13242522;Valido
Rua Tanganyka;Residencial Lagos de Jarinu;13242524;Valido
Rua das Garças;Residencial Lagos de Jarinu;13242526;Valido
Rua Javary;Residencial Lagos de Jarinu;13242528;Valido
Rua Guabiroba;Chácaras Jota-Ká;13242600;Valido
Rua Visgueiro;Chácaras Jota-Ká;13242602;Valido
Rua Pinheiro do Paraná;Chácaras Jota-Ká;13242604;Valido
Rua Sombreiro;Chácaras Jota-Ká;13242606;Valido
Rua Pau-Brasil;Chácaras Jota-Ká;13242608;Valido
Rua Sibipiruna;Chácaras Jota-Ká;13242610;Valido
Rua Pau-Ferro;Chácaras Jota-Ká;13242612;Valido
Estrada Municipal Alcides Tofanin;Chácaras Jota-Ká;13242613;Valido
Rua Ingá;Terras de Dom Pedro;13242620;Valido
Estrada Municipal Alcides Tofanin;Terras de Dom Pedro;13242621;Valido
Estrada Municipal Alberto Tofanin;Bairro do Pinhal;13242630;Valido
Rodovia Dom Pedro I (km 90,000 a km 93,000);Bairro do Pinhal;13242631;Valido
Estrada Municipal Antonio Vicenzi;Bairro do Tijuco Preto;13242636;Valido
Estrada Municipal Armando Tofanin;Bairro do Tijuco Preto;13242637;Valido
Estrada Municipal Pedro Soares de Lima;Bairro do Tijuco Preto;13242638;Valido
Estrada Municipal Alberto Tofanin;Sítios Primavera;13243500;Valido
Estrada Municipal José Arcênio Corrêa Pinto;Sítios Primavera;13243502;Valido
Alameda das Castanheiras;Sítios Primavera;13243504;Valido
Alameda das Acácias-mimosas;Sítios Primavera;13243506;Valido
Alameda dos Jacarandás-mimosos;Sítios Primavera;13243508;Valido
Alameda das Paineiras;Sítios Primavera;13243510;Valido
Alameda das Bouganvíleas;Sítios Primavera;13243512;Valido
Alameda dos Flamboyants;Sítios Primavera;13243514;Valido
Alameda dos Salgueiros;Sítios Primavera;13243516;Valido
Alameda das Palmeiras;Sítios Primavera;13243518;Valido
Alameda das Araucárias;Sítios Primavera;13243520;Valido
Alameda das Jasmins-mangas;Sítios Primavera;13243522;Valido
Alameda das Quaresmeiras;Sítios Primavera;13243524;Valido
Rua Ântonio Aldrovandi;Sítios Primavera;13243526;Valido
Alameda das Figueiras;Sítios Primavera;13243528;Valido
Alameda das Resedás;Sítios Primavera;13243530;Valido
Alameda das Aroeiras;Sítios Primavera;13243532;Valido
Alameda dos Hibiscos;Sítios Primavera;13243534;Valido
Alameda das Magnólias-amarelas;Sítios Primavera;13243536;Valido
Alameda das Bauínas-brancas;Sítios Primavera;13243538;Valido
Alameda dos Ipês-amarelos;Sítios Primavera;13243540;Valido
Alameda das Bauínas-rosas;Sítios Primavera;13243542;Valido
Avenida do Progresso;Bairro Ponte Alta;13243550;Valido
Rodovia Dom Pedro I (km 88,151/88,152 a km 89,999);Bairro Ponte Alta;13243551;Valido
Estrada Municipal Carlos Cavalaro (JAR-341);Bairro Ponte Alta;13243552;Valido
Estrada Municipal Juvenal de Souza (JAR-312);Bairro Ponte Alta;13243553;Valido
Estrada Municipal Aurélio Bulgarelli;Bairro do Rio Abaixo;13243556;Valido
Alameda Alvorada;Estância Alvorada;13244000;Valido
Alameda Tulipa;Estância Alvorada;13244002;Valido
Alameda dos Manacás;Estância Alvorada;13244004;Valido
Alameda Florestal;Estância Alvorada;13244006;Valido
Alameda dos Ciprestes;Estância Alvorada;13244008;Valido
Alameda Floresta Verde;Estância Alvorada;13244010;Valido
Estrada Municipal Francisco Quesada Santos;Loteamento Esperança;13244020;Valido
Rua 1;Loteamento Esperança;13244022;Valido
Rua dos Esquilos;Loteamento Esperança;13244024;Valido
Rua das Espatódeas;Loteamento Esperança;13244026;Valido
Estrada Municipal João Gerez Peres (JAR-365);Bairro da Água Preta;13244030;Valido
Estrada Municipal Luiz Pauletto;Bairro da Água Preta;13244031;Valido
Avenida Bela Vista;Estância Bela Vista;13244100;Valido
Rua dos Curiós;Estância Bela Vista;13244102;Valido
Rua dos Sabiás;Estância Bela Vista;13244104;Valido
Rua dos Beija-flores;Estância Bela Vista;13244106;Valido
Rua dos Ticos-Ticos;Estância Bela Vista;13244108;Valido
Rua dos Quero-Queros;Estância Bela Vista;13244110;Valido
Rua das Araras;Estância Bela Vista;13244112;Valido
Rua dos Periquitos;Estância Bela Vista;13244114;Valido
Rua dos Bem-Te-Vis;Estância Bela Vista;13244116;Valido
Rua 9;Estância Bela Vista;13244118;Valido
Rua 10;Estância Bela Vista;13244120;Valido
Avenida Bela Vista;Estância Yporanga;13244130;Valido
Rua Projetada 1;Estância Yporanga;13244132;Valido
Rua Projetada 2;Estância Yporanga;13244134;Valido
Rua Jorge Paes Leme;Estância Yporanga;13244136;Valido
Rua Projetada 4;Estância Yporanga;13244138;Valido
Rua Projetada 5;Estância Yporanga;13244140;Valido
Rua Projetada 6;Estância Yporanga;13244142;Valido
Rua Projetada 7;Estância Yporanga;13244144;Valido
Rua Projetada 8;Estância Yporanga;13244146;Valido
Estrada Municipal Pierre Alfred Roulet;Bairro do Caioçara;13244150;Valido
Estrada Municipal Archangelo Doratiotto;Bairro do Caioçara;13244152;Valido
Estrada Municipal Engenheiro Adolph Fullmann;Bairro do Caioçara;13244153;Valido
Rua 1;Estância Ipiranga;13244160;Valido
Estrada Municipal Francisco Quesada Santos;Estância Ipiranga;13244161;Valido
Rua Francesco Pecoraro;Estância Ipiranga;13244162;Valido
Rua 3;Estância Ipiranga;13244163;Valido
Estrada Municipal Archangelo Doratiotto;Estância Ipiranga;13244164;Valido
Alameda Alexandre;Palomino Valley;13244200;Valido
Alameda Ensueno;Palomino Valley;13244202;Valido
Alameda Savannah;Palomino Valley;13244204;Valido
Alameda Del Bosque;Palomino Valley;13244206;Valido
Alameda San Francisco Valley;Palomino Valley;13244208;Valido
Alameda Del Prado;Palomino Valley;13244210;Valido
Estrada Municipal Atílio Squizato;Estância Comandante Barros;13244220;Valido
Rua Padre Gilberto;Estância Comandante Barros;13244222;Valido
Rua Renato;Estância Comandante Barros;13244224;Valido
Rua Selly;Estância Comandante Barros;13244226;Valido
Avenida José;Estância Comandante Barros;13244228;Valido
Avenida Noemi;Estância Comandante Barros;13244230;Valido
Rua Inês;Estância Comandante Barros;13244232;Valido
Avenida Dinah de Barros;Estância Comandante Barros;13244234;Valido
Avenida Conceição;Estância Comandante Barros;13244236;Valido
Avenida São Luiz;Estância Comandante Barros;13244238;Valido
Rua José Eduardo;Estância Comandante Barros;13244240;Valido
Rua Fábio;Estância Comandante Barros;13244242;Valido
Rua Irene;Estância Comandante Barros;13244244;Valido
Rua Silvia;Estância Comandante Barros;13244246;Valido
Rua Silvio;Estância Comandante Barros;13244248;Valido
Rua Barros Neto;Estância Comandante Barros;13244250;Valido
Rua Marília;Estância Comandante Barros;13244252;Valido
Rua Maria Elisa;Estância Comandante Barros;13244254;Valido
Rua José Augusto;Estância Comandante Barros;13244256;Valido
Rua Rubens;Estância Comandante Barros;13244258;Valido
Rua Caio;Estância Comandante Barros;13244260;Valido
Rua Inah;Estância Comandante Barros;13244262;Valido
Rua Maria Lucia;Estância Comandante Barros;13244264;Valido
Rua Luiz Felipe;Estância Comandante Barros;13244266;Valido
Rua Carmen Silvia;Estância Comandante Barros;13244268;Valido
Rua Cintra;Estância Santa Maria;13244270;Valido
Rua B;Estância Santa Maria;13244271;Valido
Rua Santa Maria (lado impar);Estância Santa Maria;13244272;Valido
Rua Francisco Fernandes Costa;Estância Santo Inácio;13244280;Valido
Rua Santa Maria (lado par);Estância Santo Inácio;13244281;Valido
Rua Frederico Forato;Estância Santo Inácio;13244282;Valido
Rua João Guerino;Estância Santo Inácio;13244284;Valido
Rua Josefa Soares da Silva;Estância Santo Inácio;13244286;Valido
Avenida Ronaldo Luciano dos Santos;Jardim Roseiral;13244290;Valido
Avenida Roseiral;Jardim Roseiral;13244292;Valido
Rua Lírio Branco;Jardim Roseiral;13244294;Valido
Rua Florence;Jardim Roseiral;13244296;Valido
Rua Dama da Noite;Jardim Roseiral;13244298;Valido
Rua Rosas Amarelas;Jardim Roseiral;13244300;Valido
Rua Rosas Vermelhas;Jardim Roseiral;13244302;Valido
Rua Rosas Brancas;Jardim Roseiral;13244304;Valido
Avenida do Lago;Jardim Roseiral;13244306;Valido
Avenida Surley;Jardim Roseiral;13244308;Valido
Praça Roseiral;Jardim Roseiral;13244310;Valido
Estrada Municipal Atílio Squizato;Jardim Roseiral;13244312;Valido
Estrada Municipal Atílio Squizato;Estância Santa Lúcia;13244320;Valido
Rua São Bernardo do Campo;Estância Santa Lúcia;13244322;Valido
Rua Santo Emídio;Estância Santa Lúcia;13244324;Valido
Rua São Roque;Estância Santa Lúcia;13244326;Valido
Rua São Paulo;Estância Santa Lúcia;13244328;Valido
Rua Santos;Estância Santa Lúcia;13244330;Valido
Rua Antônio Loturco;Estância Santa Lúcia;13244332;Valido
Rua Hilda Marini da Silva;Estância Santa Lúcia;13244334;Valido
Avenida dos Parentes;Estância Santa Lúcia;13244336;Valido
Avenida São Manoel;Estância Santa Lúcia;13244338;Valido
Estrada Municipal Atílio Squizato;Campos de João Lucio;13244340;Valido
Rua das Perdizes;Week-end;13244350;Valido
Rua dos Bem-Te-Vis;Week-end;13244352;Valido
Rua Sabiá;Week-end;13244354;Valido
Rua Rouxinol;Week-end;13244356;Valido
Rua Beija-flor;Week-end;13244358;Valido
Rua dos Colibris;Week-end;13244360;Valido
Rua das Andorinhas;Week-end;13244362;Valido
Rua das Siriemas;Week-end;13244364;Valido
Rua das Codornas;Week-end;13244366;Valido
Rua Inhambu;Week-end;13244368;Valido
Rua 12 de Outubro;Week-end;13244370;Valido
Estrada 14;Week-end;13244372;Valido
Estrada 15;Week-end;13244374;Valido
Estrada 19;Week-end;13244376;Valido
Estrada 13;Week-end;13244378;Valido
Estrada 18;Week-end;13244380;Valido
Rua Teresinha Canotilho;Week-end;13244382;Valido
Estrada 16;Week-end;13244384;Valido
Rua Enoque Hermano Barros;Estância São Pedro;13244450;Valido
Rua 7;Estância São Pedro;13244451;Valido
Rua Flor de Yasmin;Estância São Pedro;13244452;Valido
Rua 3;Estância São Pedro;13244453;Valido
Rua Portal Floradas no Campo;Estância São Pedro;13244454;Valido
Rua 6;Estância São Pedro;13244455;Valido
Rua Sérgio Francês;Estância São Pedro;13244456;Valido
Estrada Municipal Atílio Squizato;Estância Santa Helena;13244460;Valido
Rua das Orquídeas;Estância Santa Helena;13244462;Valido
Rua das Camélias;Estância Santa Helena;13244464;Valido
Rua Flor de Liz;Estância Santa Helena;13244466;Valido
Rua dos Gerânios;Estância Santa Helena;13244468;Valido
Rua Lírios da Paz;Estância Santa Helena;13244470;Valido
Rua Flor de Maio;Estância Santa Helena;13244472;Valido
Rua Vale dos Girassóis;Estância Santa Helena;13244474;Valido
Rua dos Miosótis;Estância Santa Helena;13244476;Valido
Avenida Marília;Estância Marília;13244480;Valido
Rua 1;Estância Marília;13244482;Valido
Rua 2;Estância Marília;13244484;Valido
Rua Maria Joana Hermano Barros;Estância Marília;13244486;Valido
Rua 5;Estância Marília;13244488;Valido
Rua 4A;Estância Marília;13244490;Valido
Rua Rosa de Saron;Estância Marília;13244492;Valido
Rua 6A;13244-494;13244494;Valido
Rua Acácio Alberto Gouveia;Estância Marília;13244496;Valido
Rua 7;Estância Marília;13244498;Valido
Rua Alfredo Miguel de Oliveira;Estância Marília;13244500;Valido
Rua 10;Estância Marília;13244502;Valido
Rua 11;Estância Marília;13244504;Valido
Rua Doutor Aldo Luiz Sollito;Estância Marília;13244506;Valido
Avenida Marília;Estância Nossa Senhora da Aparecida;13244510;Valido
Rua Don Fraquito;Estância Nossa Senhora da Aparecida;13244512;Valido
Rua Nossa Senhora de Lourdes;Estância Nossa Senhora da Aparecida;13244514;Valido
Rua Santa Clara;Estância Nossa Senhora da Aparecida;13244516;Valido
Rua 1;Estância São João;13244600;Valido
Rua 2;Estância São João;13244602;Valido
Rua 3;Estância São João;13244604;Valido
Rua 4;Estância São João;13244606;Valido
Estrada Municipal Atílio Squizato;Estância São João;13244608;Valido
Estrada Municipal Atílio Squizato;Estância Caioçara;13244610;Valido
Rua São Lorenzo;Estância Caioçara;13244612;Valido
Rua José Jesus Macedo;Estância Caioçara;13244614;Valido
Rua 2;Estância Caioçara;13244616;Valido
Estrada Municipal Atílio Squizato;Estância São Miguel;13244620;Valido
Rua Leandro Monte;Estância São Miguel;13244622;Valido
Rua Maria Rosária Oliveira;Estância São Miguel;13244624;Valido
Rua Domingos Alberico;Estância São Miguel;13244626;Valido
Estrada Municipal Atílio Squizato;Estância São Jorge;13244630;Valido
Rua Sebastião Bueno da Cunha;Estância São Jorge;13244632;Valido
Avenida Cipryano Beluso;Estância São Jorge;13244634;Valido
Rua José de Oliveira dos Santos;Estância São Jorge;13244636;Valido
Rua Paulo Bueno da Cunha;Estância São Jorge;13244638;Valido
Avenida Affonso Marino;Estância São Jorge;13244640;Valido
Rua Dona Tinilla Marino;Estância São Jorge;13244642;Valido
Rua Josefa Ferrari Fontes;Estância São Jorge;13244644;Valido
Estrada Municipal Atílio Squizato;Estância Climatérica São José;13244650;Valido
Avenida Coronel José Ignácio;Estância Climatérica São José;13244660;Valido
Avenida Nossa Senhora da Aparecida;Estância Climatérica São José;13244662;Valido
Rua São José;Estância Climatérica São José;13244664;Valido
Avenida Santa Thereza de Jesus;Estância Climatérica São José;13244666;Valido
Avenida Albino Augusto Rego;Estância Climatérica São José;13244668;Valido
Estrada Municipal João Lucio do Prado;Estância Diory;13244800;Valido
Rua 1;Estância Diory;13244802;Valido
Rua 2;Estância Diory;13244804;Valido
Rua 3;Estância Diory;13244806;Valido
Rua 4;Estância Diory;13244808;Valido
Rua 5;Estância Diory;13244810;Valido
Rua 6;Estância Diory;13244812;Valido
Rua 7;Estância Diory;13244814;Valido
Rua 8;Estância Diory;13244816;Valido
Rua 9;Estância Diory;13244818;Valido
Rua 10;Estância Diory;13244820;Valido
Rua 11;Estância Diory;13244822;Valido
Rua 12;Estância Diory;13244824;Valido
Estrada Municipal Walter Parise;Boa Esperança;13246000;Valido
Rua Um;Boa Esperança;13246002;Valido
Avenida Marginal;Boa Esperança;13246004;Valido
Rua Dois;Boa Esperança;13246006;Valido
Rua São Sebastião;Estância São Sebastião;13246010;Valido
Rua Santo Fernandes;Estância São Sebastião;13246012;Valido
Avenida São Luiz;Estância São Sebastião;13246014;Valido
Rua E;Estância São Sebastião;13246016;Valido
Rua Rosário de Alvarenga;Estância São Sebastião;13246018;Valido
Rua Maria Vitalina de Alvarenga;Estância São Sebastião;13246019;Valido
Rua José Alvarenga Sobrinho;Estância São Sebastião;13246020;Valido
Rua Cândida Sampaio Justo;Estância São Sebastião;13246022;Valido
Alameda Baobá;Jardim Florença;13246023;Valido
Alameda das Paineiras;Jardim Florença;13246024;Valido
Alameda Ipê Branco;Jardim Florença;13246025;Valido
Travessa Cambuci;Jardim Florença;13246026;Valido
Travessa Juazeiro;Jardim Florença;13246027;Valido
Alameda Manacá da Serra;Jardim Florença;13246028;Valido
Alameda Ipê Amarelo;Jardim Florença;13246029;Valido
Alameda Jequitibá;Jardim Florença;13246030;Valido
Rodovia Edgard Máximo Zambotto;Bairro do Fim do Campo;13246033;Valido
Estrada Municipal Jacundo Censi;Bairro do Fim do Campo;13246034;Valido
Estrada Municipal Joanim Perobelli;Bairro do Fim do Campo;13246035;Valido
Estrada Municipal Atílio Squizato;Parque das Videiras;13246100;Valido
Rua Benedito Higino Machado Dito Gordo;Parque das Videiras;13246102;Valido
Rua Amazil Marcellina das Dores;Parque das Videiras;13246104;Valido
Rua Antonio Carlos de Lima;Parque das Videiras;13246106;Valido
Rua José Benedito Arcanjo;Parque das Videiras;13246108;Valido
Avenida João Messias;Parque das Videiras;13246110;Valido
Rua Iracema Vieira Golçalves;Parque das Videiras;13246112;Valido
Rua José Bueno Ferraz;Parque das Videiras;13246114;Valido
Rua Francisco Arcanjo;Parque das Videiras;13246116;Valido
Rua José Bernardino de Moura;Parque das Videiras;13246118;Valido
Rua Silvio Angelo Malerba;Parque das Videiras;13246120;Valido
Rua dos Laranjais;Parque das Videiras;13246122;Valido
Avenida São Luiz;Estância São Luiz;13246130;Valido
Alameda das Orquídeas;Estância São Luiz;13246132;Valido
Alameda das Rosas;Estância São Luiz;13246134;Valido
Alameda Primavera;Estância São Luiz;13246136;Valido
Alameda das Palmas;Estância São Luiz;13246138;Valido
Alameda das Flores;Estância São Luiz;13246140;Valido
Rua Alfredo Moneti;Estância São Luiz;13246142;Valido
Alameda das Azaléias;Estância São Luiz;13246144;Valido
Alameda das Violetas;Estância São Luiz;13246146;Valido
Alameda dos Lírios;Estância São Luiz;13246148;Valido
Alameda Rosa Sacchetin Viana;Estância São Luiz;13246150;Valido
Alameda dos Girassóis;Estância São Luiz;13246152;Valido
Estrada Municipal Cipriano Perobelli;Estância São Luiz;13246154;Valido
Estrada Municipal Cipriano Perobelli;Estância Maria Elisa;13246160;Valido
Rua 7 de Setembro;Estância Maria Elisa;13246162;Valido
Rua 21 de Abril;Estância Maria Elisa;13246164;Valido
Estrada Municipal Cipriano Perobelli;Estância Pauleto;13246170;Valido
Estrada Municipal Cipriano Perobelli;Estância Pauleto II;13246180;Valido
Estrada Municipal Eugênio Masteguim (JAR-276);Bairro do Capão;13246190;Valido
Rua Hildefonso Vianna;Recanto do Sol;13246300;Valido
Estrada Recanto do Sol;Recanto do Sol;13246302;Valido
Avenida Antonia Bezerra da Silva;Residencial Cambarah;13246310;Valido
Rua Ayrton Senna da Silva;Residencial Cambarah;13246312;Valido
Rua Ronald Golias;Residencial Cambarah;13246314;Valido
Rua Francisco Anysio de Oliveira Paula Filho;Residencial Cambarah;13246316;Valido
Rua Hebe Maria Monteiro de Camargo Ravagnani;Residencial Cambarah;13246318;Valido
Rua Antonio Carlos Jobim;Residencial Cambarah;13246320;Valido
Rua Doutora Zilda Arns;Residencial Cambarah;13246322;Valido
Rua Jorge Leal Amado de Farias;Residencial Cambarah;13246324;Valido
Rua Oscar Niemeyer Ribeiro Soares Filho;Residencial Cambarah;13246326;Valido
Via São Francisco;Parque Yramaia;13246670;Valido
Via Marajó;Parque Yramaia;13246672;Valido
Via Xingu;Parque Yramaia;13246674;Valido
Via Tocantins;Parque Yramaia;13246676;Valido
Via Iguaçu;Parque Yramaia;13246678;Valido
Rua 1;Recanto Campo Verde;13246680;Valido
Rua 2;Recanto Campo Verde;13246682;Valido
Rua Professor Neydy de Campos Melges;Chácaras Canaã;13246690;Valido
Estrada Municipal Rubens de Almeida Pupo;Chácaras Canaã;13246692;Valido
Rua Colomba Castelli Pomim;Chácaras Canaã;13246694;Valido
Rua Cambará;Recreio Santo Antônio;13246700;Valido
Alameda Schiesaro;Recreio Santo Antônio;13246702;Valido
Rua Sucupira Amarela;Recreio Santo Antônio;13246704;Valido
Rua Andirá;Recreio Santo Antônio;13246706;Valido
Rua Rosa da Mata;Recreio Santo Antônio;13246708;Valido
Rua Cedro Amarelo;Recreio Santo Antônio;13246710;Valido
Rua Árvore da Chuva;Recreio Santo Antônio;13246712;Valido
Estrada do Mirante;Estância Figueira Branca;13246720;Valido
Estrada dos Manacás;Estância Figueira Branca;13246722;Valido
Estrada da Cabreuvas;Estância Figueira Branca;13246724;Valido
Estrada do Bosque;Estância Figueira Branca;13246726;Valido
Travessa do Bosque;Estância Figueira Branca;13246728;Valido
Estrada do Cedro;Estância Figueira Branca;13246730;Valido
Travessa do Cedro;Estância Figueira Branca;13246732;Valido
Travessa dos Jequitibás;Estância Figueira Branca;13246734;Valido
Estrada das Embuias;Estância Figueira Branca;13246736;Valido
Estrada da Figueira;Estância Figueira Branca;13246738;Valido
Estrada do Pau D'Alho;Estância Figueira Branca;13246740;Valido
Estrada das Perobas;Estância Figueira Branca;13246742;Valido
Estrada Municipal Manoel Gerez Navarro;Vale Esmeralda;13246750;Valido
Rua Sanhaço de Fogo;Vale Esmeralda;13246752;Valido
Rua Pintassilgo Verde;Vale Esmeralda;13246754;Valido
Rua Beija- Flor;Vale Esmeralda;13246756;Valido
Via do Planalto;Vale Esmeralda;13246758;Valido
Rua João de Barro;Vale Esmeralda;13246760;Valido
Rua Tuiuiu;Vale Esmeralda;13246762;Valido
Rua Uirapuru;Vale Esmeralda;13246764;Valido
Estrada Municipal Manoel Gerez Navarro;Maracanã;13246770;Valido
Rua Deus é Fiel;Maracanã;13246771;Valido
Estrada Municipal Gino Dártora;Maracanã;13246772;Valido
Estrada Municipal Gino Dártora;Maracanã;13246773;Valido
Estrada Municipal Gino Dártora;Maracanã;13246774;Valido
Rua dos Jacarandás;Estância Paraiso;13246776;Valido
Rua das Tulipas;Estância Paraiso;13246777;Valido
Rua das Bromélias;Estância Paraiso;13246778;Valido
Rua das Oliveiras;Estância Paraiso;13246779;Valido
Rua das Pimentas;Estância Paraiso;13246780;Valido
Rua Vitória Régia;Estância Paraiso;13246781;Valido
Rua Canela do Campo;Estância Paraiso;13246782;Valido
Rua das Macieiras;Estância Paraiso;13246783;Valido
Rua Amarilis;Estância Paraiso;13246784;Valido
Rua dos Cambarás;Estância Paraiso;13246785;Valido
Rua Rosa do Deserto;Estância Paraiso;13246786;Valido
Rua das Gardênias;Estância Paraiso;13246787;Valido
Rua Alexandre de Oliveira;Campo do Realengo;13247000;Valido
Rua Guatambu;Campo do Realengo;13247002;Valido
Rua 8;Campo do Realengo;13247004;Valido
Rua Nair Almeida Oliveira;Campo do Realengo;13247006;Valido
Rua João Gerez Rodrigues;Campo do Realengo;13247008;Valido
Estrada Municipal Gino Dártora;Campo do Realengo;13247009;Valido
Rua Cambucá;Campo do Realengo;13247010;Valido
Rua Sapucaia;Campo do Realengo;13247012;Valido
Rua Cedro;Campo do Realengo;13247014;Valido
Estrada Municipal Gino Dártora;Estância Morro Alto;13247020;Valido
Estrada São Vicente;Chácaras de Recreio da Fazenda Estância São Paulo;13247200;Valido
Estrada Santo Agostinho;Chácaras de Recreio da Fazenda Estância São Paulo;13247202;Valido
Estrada São Francisco;Chácaras de Recreio da Fazenda Estância São Paulo;13247204;Valido
Estrada São Joaquim;Chácaras de Recreio da Fazenda Estância São Paulo;13247206;Valido
Estrada Sebastião dos Santos Camargo;Chácaras de Recreio da Fazenda Estância São Paulo;13247208;Valido
Estrada Municipal Gino Dártora;Chácaras de Recreio da Fazenda Estância São Paulo;13247210;Valido
Estrada Municipal Gino Dártora;Chácaras de Recreio da Fazenda Estância São Paulo;13247211;Valido
Rua Carmem Pinto Silvestre;Chácaras de Recreio da Fazenda Estância São Paulo;13247212;Valido
Estrada Municipal João Ferreira da Silva;Chácaras de Recreio da Fazenda Estância São Paulo;13247214;Valido
Estrada Santa Bárbara;Chácaras de Recreio da Fazenda Estância São Paulo;13247216;Valido
Caminho 14;Chácaras de Recreio da Fazenda Estância São Paulo;13247218;Valido
Caminho 15;Chácaras de Recreio da Fazenda Estância São Paulo;13247220;Valido
Caminho 16;Chácaras de Recreio da Fazenda Estância São Paulo;13247222;Valido
Caminho Jerônimo Gregório Garcia Mesas;Chácaras de Recreio da Fazenda Estância São Paulo;13247224;Valido
Estrada Municipal João Lucio do Prado;Chácaras de Recreio da Fazenda Estância São Paulo;13247226;Valido
Alameda dos Ipês Coloridos;Residencial Terras de Jarinu;13247230;Valido
Alameda das Aroeiras Brasileiras;Residencial Terras de Jarinu;13247232;Valido
Alameda Suinã;Residencial Terras de Jarinu;13247234;Valido
Alameda Carnaúba;Residencial Terras de Jarinu;13247236;Valido
Alameda Jacarandá Mimoso;Residencial Terras de Jarinu;13247238;Valido
Alameda das Cássias;Residencial Terras de Jarinu;13247240;Valido
Alameda Sanandu;Residencial Terras de Jarinu;13247242;Valido
Alameda Resedá Oriental;Residencial Terras de Jarinu;13247244;Valido
Alameda Paineiras Brasileiras;Residencial Terras de Jarinu;13247246;Valido
Alameda Flora;Residencial Terras de Jarinu;13247248;Valido
Alameda Mata Atlântica;Residencial Terras de Jarinu;13247250;Valido
Alameda Chuva de Ouro;Residencial Terras de Jarinu;13247252;Valido
Alameda Quaresmeira Rosa;Residencial Terras de Jarinu;13247254;Valido
Alameda Manacá Pioneiro;Residencial Terras de Jarinu;13247256;Valido
Alameda Sibipiruna Brasileira;Residencial Terras de Jarinu;13247258;Valido
Alameda Bahuínia;Residencial Terras de Jarinu;13247260;Valido
Estrada Municipal;Chácaras Uvalândia;13247400;Valido
Rua 2;Chácaras Uvalândia;13247402;Valido
Rua 3;Chácaras Uvalândia;13247404;Valido
Rua 4;Chácaras Uvalândia;13247406;Valido
Rua 5;Chácaras Uvalândia;13247408;Valido
Rua 6;Chácaras Uvalândia;13247410;Valido
Estrada das Orquídeas;Chácaras Santo Antônio;13247500;Valido
Estrada dos Cravos;Chácaras Santo Antônio;13247502;Valido
Estrada das Margaridas;Chácaras Santo Antônio;13247504;Valido
Estrada das Rosas;Chácaras Santo Antônio;13247506;Valido
Estrada das Violetas;Chácaras Santo Antônio;13247508;Valido
Rua das Hortências;Jardim Cayoçara;13247510;Valido
Rua dos Miosotis;Jardim Cayoçara;13247512;Valido
Rua das Margaridas;Jardim Cayoçara;13247514;Valido
Rua das Azaléas;Jardim Cayoçara;13247516;Valido
Avenida Nossa Senhora do Bom Parto;Campo Largo;13247520;Valido
Praça Maximino Pintor Pelegrini;Campo Largo;13247521;Valido
Rua São Benedito;Campo Largo;13247522;Valido
Rua Sebastião Bueno da Cunha Filho;Campo Largo;13247523;Valido
Avenida Domingos Squizato;Campo Largo;13247524;Valido
Estrada Municipal Miguel Carmine Pistocia (JAR-481);Campo Largo;13247525;Valido
Rua José Arca;Campo Largo;13247526;Valido
Rua João Barbosa Franco;Conjunto Habitacional Antenor Rodini;13247600;Valido
Estrada Municipal Jacundo Censi;Parque Florença;13248000;Valido
Rua 1;Parque Florença;13248002;Valido
Rua 2;Parque Florença;13248004;Valido
Rua 3;Parque Florença;13248006;Valido
Rua 4;Parque Florença;13248008;Valido
Rua 5;Parque Florença;13248010;Valido
Rua 6;Parque Florença;13248012;Valido
Rua 7;Parque Florença;13248014;Valido
Rua 8;Parque Florença;13248016;Valido
Rua 9;Parque Florença;13248018;Valido
Estrada Municipal Bento Galdino de Sousa (JAR-349);Bairro do Pinheirinho;13248020;Valido
Estrada Municipal Natal Lorencini (JAR-030);Bairro do Pinheirinho;13248021;Valido
Rodovia Edgard Máximo Zambotto;Soares;13248100;Valido
Estrada Municipal Orestes Francisco Censi (JAR-386);Soares;13248101;Valido
Estrada Municipal Jacundo Censi;Soares;13248103;Valido
Rua Um;Soares;13248102;Valido
Estrada Municipal Natal Lorencini (JAR-030);Bairro do Tanque;13248390;Valido
Estrada Municipal Lazaro Gago;Bairro do Tanque;13248391;Valido
Rua Jequitibá;Recreio More;13248400;Valido
Rua Jatobás;Recreio More;13248402;Valido
Rua Jacarandá;Recreio More;13248404;Valido
Estrada Municipal Natal Lorencini (JAR-030);Bairro do Campo Verde;13248410;Valido
Alameda Colina do Sol;Colina do Sol;13249010;Valido
Estrada Municipal Natal Lorencini (JAR-030);Bairro da Invernada;13249030;Valido
Estrada Municipal Orlando Fumachi;Bairro da Invernada;13249031;Valido
Estrada Municipal Natal Lorencini (JAR-030);Bairro do Pitangal;13249160;Valido
Estrada Municipal Fioravante Doratioto;Bairro do Pitangal;13249161;Valido
Estrada Municipal Jacinto Marin;Bairro do Pitangal;13249162;Valido
Estrada Domingos Parise;Bairro do Pitangal;13249163;Valido
Estrada Municipal Natal Lorencini (JAR-030);Bairro do Tem Tem;13249320;Valido
Área Rural;Área Rural de Jarinu;13249899;Valido
